recency,frequency,monetary,actual_churn,churn_probability,high_risk,priority_score,retention_action
371,1,178.28,1,0.9999999955561445,1,178.27999920774946,Discount Email / Push Notification
0,23,6849.15,0,0.00123744573156059,0,8.475451432318215,No Action
232,11,3019.2200000000003,1,0.9999275407564373,1,3019.0012296026507,Personal Call + Premium Offer
32,16,5969.93,0,0.010763748886654583,0,64.2588273909058,No Action
24,2,514.56,0,0.006055675687137697,0,3.1160084815735734,No Action
206,5,1346.75,1,0.9995375767959124,1,1346.127231549895,Discount Email / Push Notification
420,2,370.45,1,0.9999999998581366,1,370.4499999474467,Discount Email / Push Notification
372,1,488.16,1,0.9999999958138068,1,488.159997956468,Discount Email / Push Notification
395,2,24.35,1,0.9999999991904069,1,24.34999998028641,Discount Email / Push Notification
30,3,949.25,0,0.00919316438288209,0,8.726611290450824,No Action
34,8,1653.75,0,0.01272925699940638,0,21.0510087627683,No Action
431,1,171.15,1,0.9999999999339007,1,171.1499999886871,Discount Email / Push Notification
372,4,650.94,1,0.9999999959691706,1,650.939997376172,Discount Email / Push Notification
2,11,2535.9,0,0.0013837563321124717,0,3.5090676826040172,No Action
112,1,371.56,1,0.7429280585605926,1,276.0423494387738,Discount Email / Push Notification
387,2,317.08,1,0.999999998567169,1,317.07999954567794,Discount Email / Push Notification
618,1,156.87,1,0.9999999999999998,1,156.86999999999998,Discount Email / Push Notification
23,28,144458.37,0,6.59215099335556e-05,0,9.522913872940249,No Action
395,2,1216.66,1,0.9999999991573514,1,1216.6599989747833,Discount Email / Push Notification
259,4,1141.75,1,0.9999886692685217,1,1141.7370631373346,Discount Email / Push Notification
43,9,5253.07,0,0.02132670015204887,0,112.03064876772335,No Action
74,2,1000.39,0,0.16652958195793907,0,166.59452849490268,No Action
682,2,1158.18,1,1.0,1,1158.18,Discount Email / Push Notification
56,1,243.84,0,0.05407331899512374,0,13.185238103770974,No Action
45,4,776.6,0,0.0263940751540157,0,20.497638764608592,No Action
539,1,160.82,1,0.999999999999966,1,160.81999999999454,Discount Email / Push Notification
3,5,2047.8,0,0.001383683969223241,0,2.833508032175353,No Action
18,3,552.68,0,0.004036530925446436,0,2.230909911875736,No Action
553,1,125.3,1,0.9999999999999873,1,125.2999999999984,Discount Email / Push Notification
442,1,143.05,1,0.9999999999694682,1,143.04999999563245,Discount Email / Push Notification
42,17,7852.610000000001,0,0.02046828491608069,0,160.72945881486442,No Action
59,6,1069.12,0,0.06868983184604328,0,73.43767302324179,No Action
31,3,566.58,0,0.009980571100055565,0,5.654791973869482,No Action
40,13,2537.02,0,0.020079723941124176,0,50.942661233110854,No Action
136,12,1745.09,1,0.9456793378430416,1,1650.2955556765135,Discount Email / Push Notification
734,1,231.90000000000003,1,1.0,1,231.90000000000003,Discount Email / Push Notification
497,3,973.73,1,0.9999999999993556,1,973.7299999993726,Discount Email / Push Notification
46,7,7600.05,0,0.023580487903231567,0,179.21288708895509,No Action
137,3,1578.89,1,0.9428301396333614,1,1488.625079165718,Discount Email / Push Notification
58,3,447.92,0,0.06299957068147197,0,28.218767699644925,No Action
58,14,2499.68,0,0.06851573470472115,0,171.26741172669736,No Action
138,2,562.9,1,0.9474825632452376,1,533.3379348507442,Discount Email / Push Notification
188,2,506.8,1,0.9983430401486955,1,505.9602527473589,Discount Email / Push Notification
84,4,1571.01,0,0.28917201822908045,0,454.2921323580677,No Action
392,1,253.37,1,0.9999999989784869,1,253.36999974117924,Discount Email / Push Notification
10,29,6733.22,0,0.002727340369177225,0,18.363782720551473,No Action
173,1,178.52,1,0.9952541763825614,1,177.67277556781488,Discount Email / Push Notification
46,14,2852.61,0,0.030379480036807783,0,86.66080854779825,No Action
45,3,1118.95,0,0.025736156588107146,0,28.797472414262494,No Action
119,5,1824.49,1,0.8265122276504485,1,1507.9632942259668,Discount Email / Push Notification
9,8,1212.05,0,0.002261417880451208,0,2.7409515420008863,No Action
388,3,891.02,1,0.9999999986577375,1,891.0199988040172,Discount Email / Push Notification
358,2,412.06,1,0.9999999890137069,1,412.0599954729881,Discount Email / Push Notification
133,6,2494.14,1,0.9265523681524691,1,2310.9513235037994,Discount Email / Push Notification
0,10,2622.39,0,0.001182239237252429,0,3.100292353378397,No Action
7,7,2761.49,0,0.0018399145518572823,0,5.080905635808366,No Action
52,1,197.13,0,0.04145604478401875,0,8.172230108273617,No Action
408,1,732.94,1,0.9999999996620037,1,732.939999752269,Discount Email / Push Notification
416,1,236.11,1,0.9999999998103255,1,236.10999995521595,Discount Email / Push Notification
448,1,295.83,1,0.9999999999798519,1,295.82999999403955,Discount Email / Push Notification
9,1,133.5,0,0.002119839076561159,0,0.28299851672091475,No Action
610,1,405.0,1,0.9999999999999998,1,404.9999999999999,Discount Email / Push Notification
15,7,523.3,0,0.0034703547635418688,0,1.8160366477614598,No Action
79,18,6515.88,0,0.22898598645948354,0,1492.0452094516197,No Action
11,14,2175.88,0,0.002745561844486611,0,5.974013106181527,No Action
59,2,619.85,0,0.06601226220317212,0,40.91770072663624,No Action
144,7,1932.41,1,0.9657634084596217,1,1866.2508681414577,Discount Email / Push Notification
10,22,16410.15,0,0.00178333625929017,0,29.264815515390588,No Action
385,2,895.76,1,0.9999999983190866,1,895.759998494305,Discount Email / Push Notification
317,2,1345.22,1,0.9999997989903737,1,1345.2197295978306,Discount Email / Push Notification
41,4,2148.63,0,0.019181470278972716,0,41.213882485509146,No Action
276,1,117.55,1,0.9999965298385346,1,117.54959208251974,Discount Email / Push Notification
22,14,2826.14,0,0.005792391770220853,0,16.37011007749196,No Action
158,2,665.78,1,0.9865048349455473,1,656.7951890100464,Discount Email / Push Notification
7,3,1509.09,0,0.0018113494973526528,0,2.7334894129599148,No Action
14,1,318.17,0,0.002988965213841529,0,0.9509990620879593,No Action
113,7,2900.58,1,0.7564027054987498,1,2194.0065595155634,Discount Email / Push Notification
262,2,819.45,1,0.9999906519810362,1,819.4423397658602,Discount Email / Push Notification
1,16,4850.27,0,0.0012830383594813865,0,6.223082463841785,No Action
590,1,234.75000000000003,1,0.9999999999999991,1,234.74999999999983,Discount Email / Push Notification
722,1,323.25,1,1.0,1,323.25,Discount Email / Push Notification
44,4,1076.8,0,0.024409412371728962,0,26.284055241877745,No Action
469,3,584.25,1,0.9999999999954678,1,584.2499999973521,Discount Email / Push Notification
529,1,259.68,1,0.9999999999999314,1,259.6799999999822,Discount Email / Push Notification
551,7,2774.0,1,0.9999999999999853,1,2773.9999999999595,Discount Email / Push Notification
240,3,790.72,1,0.999956938561511,1,790.685950459358,Discount Email / Push Notification
437,1,11880.84,1,0.9999999999357108,1,11880.83999923619,Personal Call + Premium Offer
88,3,1090.59,0,0.3504216170791257,0,382.1663113703237,No Action
266,1,914.93,1,0.9999928130013178,1,914.9234243992956,Discount Email / Push Notification
23,17,25775.71,0,0.0030116281520552656,0,77.62685387521243,No Action
32,7,2467.35,0,0.01063367292453231,0,26.236992890344794,No Action
459,2,827.25,1,0.9999999999906528,1,827.2499999922676,Discount Email / Push Notification
276,2,1857.83,1,0.9999963738065102,1,1857.8232631489489,Discount Email / Push Notification
406,2,101.1,1,0.9999999996247235,1,101.09999996205954,Discount Email / Push Notification
9,9,6025.5,0,0.0019526200113851098,0,11.765511878600979,No Action
0,11,3064.67,0,0.0011817471001095445,0,3.621664885292718,No Action
75,1,272.22,0,0.17795249552260278,0,48.44222833116294,No Action
42,3,672.8,0,0.021264866248380535,0,14.307002011910424,No Action
674,1,517.8,1,1.0,1,517.8,Discount Email / Push Notification
51,1,38.45,0,0.03895600872877974,0,1.497858535621581,No Action
463,2,1950.95,1,0.9999999999926679,1,1950.9499999856955,Discount Email / Push Notification
396,2,417.3,1,0.9999999992352193,1,417.299999680857,Discount Email / Push Notification
736,1,132.55,1,1.0,1,132.55,Discount Email / Push Notification
0,5,2919.65,0,0.0010891394962395469,0,3.179906130195793,No Action
89,4,4782.45,0,0.3415173171890947,0,1633.289493590986,No Action
29,2,354.42,0,0.008623069347159696,0,3.0561882380203396,No Action
413,3,660.28,1,0.9999999997693079,1,660.2799998476786,Discount Email / Push Notification
191,2,591.85,1,0.9986531672578576,1,591.0528770415631,Discount Email / Push Notification
253,3,597.78,1,0.9999828075424292,1,597.7697226927133,Discount Email / Push Notification
22,1,30.0,0,0.005276971649840291,0,0.15830914949520875,No Action
636,1,405.0,1,1.0,1,405.0,Discount Email / Push Notification
480,2,422.86,1,0.9999999999978857,1,422.859999999106,Discount Email / Push Notification
33,13,2899.11,0,0.012238760376337204,0,35.48151259464295,No Action
43,6,2249.52,0,0.0225610481571356,0,50.75152905043967,No Action
50,9,3037.61,0,0.03693505272231007,0,112.19428549981629,No Action
422,2,2085.61,1,0.999999999869396,1,2085.609999727611,Discount Email / Push Notification
9,4,896.66,0,0.002157544995739197,0,1.9345842958795085,No Action
51,8,6427.66,0,0.03492379347728093,0,224.47827038217955,No Action
145,11,3056.81,1,0.9686207699563638,1,2960.8896558103124,Personal Call + Premium Offer
390,1,157.63,1,0.9999999988284425,1,157.62999981532738,Discount Email / Push Notification
618,1,390.69,1,0.9999999999999998,1,390.6899999999999,Discount Email / Push Notification
78,8,2999.04,0,0.212417263231817,0,637.0478691227485,No Action
133,1,244.8,1,0.9267805415893009,1,226.87587658106088,Discount Email / Push Notification
232,1,73.5,1,0.9999241749613089,1,73.4944268596562,Discount Email / Push Notification
161,1,203.86,1,0.9890489314290374,1,201.62751516112357,Discount Email / Push Notification
596,2,465.53,1,0.9999999999999993,1,465.5299999999997,Discount Email / Push Notification
65,4,649.53,0,0.09966291029405838,0,64.73405012329974,No Action
28,8,1080.05,0,0.008555626273797141,0,9.240504157014602,No Action
10,15,6560.02,0,0.0022426057311141683,0,14.711538448223568,No Action
28,10,1249.62,0,0.008754366606559141,0,10.939631598888433,No Action
65,2,711.5,0,0.09692125071592894,0,68.95946988438344,No Action
316,4,1772.49,1,0.9999997874941561,1,1772.4896233355166,Discount Email / Push Notification
171,2,696.68,1,0.9945273620317017,1,692.8673225802459,Discount Email / Push Notification
10,1,546.04,0,0.0022423006519649196,0,1.2243858479989247,No Action
14,20,7434.31,0,0.003095972768094676,0,23.016421309573932,No Action
63,5,2100.6,0,0.08505904697416866,0,178.6750340739387,No Action
64,3,273.35,0,0.09339164464043077,0,25.528606062461755,No Action
56,7,790.86,0,0.05767002000983798,0,45.60891202498046,No Action
24,7,3850.79,0,0.005820550184180964,0,22.413716443742214,No Action
21,15,11122.3,0,0.00415386307118369,0,46.20051123662635,No Action
59,2,2155.95,0,0.06290376557899732,0,135.61737340003927,No Action
156,3,351.67,1,0.9848806408763129,1,346.352974976973,Discount Email / Push Notification
21,11,2298.33,0,0.0052665469424125035,0,12.104262834154929,No Action
405,2,1273.47,1,0.9999999995813047,1,1273.4699994668042,Discount Email / Push Notification
177,6,1507.26,1,0.9965080590592396,1,1501.9967370976294,Discount Email / Push Notification
81,5,6263.75,0,0.22220188885332642,0,1391.8170813050233,No Action
17,1,161.67000000000002,0,0.0037056358223800244,0,0.5990901434041787,No Action
404,1,1192.2,1,0.9999999995456015,1,1192.1999994582661,Discount Email / Push Notification
8,24,14103.09,0,0.0017238697518497418,0,24.311890258614575,No Action
183,5,1013.35,1,0.9977096032422141,1,1011.0290264454977,Discount Email / Push Notification
4,42,18066.4,0,0.0014784101621758334,0,26.70954935393348,No Action
58,3,859.35,0,0.062189313175658414,0,53.44238627750206,No Action
23,2,148.86,0,0.005717201014328793,0,0.8510625429929842,No Action
41,21,34281.18,0,0.008428614851194456,0,288.9428628644704,No Action
310,4,916.55,1,0.9999996854859209,1,916.5497117321207,Discount Email / Push Notification
39,4,782.37,0,0.017483686914168354,0,13.678712131037894,No Action
6,2,584.07,0,0.0017171305109791957,0,1.0029244175476189,No Action
71,7,1916.11,0,0.14437529666012153,0,276.63894968342544,No Action
722,1,342.36,1,1.0,1,342.36,Discount Email / Push Notification
17,12,2301.87,0,0.004040587828237275,0,9.300907904184536,No Action
56,3,1003.88,0,0.05424470193922989,0,54.4551713827541,No Action
598,1,337.4,1,0.9999999999999996,1,337.3999999999998,Discount Email / Push Notification
28,12,2741.74,0,0.008572083657771816,0,23.502424647859296,No Action
3,8,2767.9,0,0.001410348226303505,0,3.903702855585472,No Action
22,26,9026.11,0,0.0055944934147688025,0,50.49651295597884,No Action
22,17,7885.85,0,0.005107421201410412,0,40.2763574811423,No Action
8,44,22310.49,0,0.0017465320888793137,0,38.96598670362104,No Action
84,4,2497.88,0,0.2828196566458954,0,706.4495639426493,No Action
372,1,417.94,1,0.9999999958236614,1,417.939998254541,Discount Email / Push Notification
218,2,610.59,1,0.9997968918019651,1,610.4659841653619,Discount Email / Push Notification
133,5,2398.91,1,0.9257843643024278,1,2220.873369368737,Discount Email / Push Notification
37,29,7240.98,0,0.01754658071106712,0,127.0544399972228,No Action
17,11,3387.43,0,0.0038409798826645448,0,13.011050483934358,No Action
233,4,731.26,1,0.9999307933027193,1,731.2093919105465,Discount Email / Push Notification
0,4,2531.58,0,0.001087614565579039,0,2.7533832819285835,No Action
111,1,139.26,1,0.7308439733338716,1,101.77733172647496,Discount Email / Push Notification
11,6,1016.08,0,0.0025438879381279875,0,2.5847936561730855,No Action
578,1,214.71,1,0.9999999999999978,1,214.70999999999952,Discount Email / Push Notification
247,5,560.63,1,0.9999745898617343,1,560.6157543141841,Discount Email / Push Notification
732,1,209.41,1,1.0,1,209.41,Discount Email / Push Notification
184,3,1132.99,1,0.9977931891013601,1,1130.48970531995,Discount Email / Push Notification
633,2,1439.61,1,1.0,1,1439.61,Discount Email / Push Notification
75,1,302.2,0,0.17780534514725943,0,53.732775303501796,No Action
31,4,2128.23,0,0.0096121255439598,0,20.456813946421565,No Action
453,2,1288.72,1,0.9999999999855405,1,1288.7199999813656,Discount Email / Push Notification
322,7,1619.97,1,0.9999998670757485,1,1619.9697846667004,Discount Email / Push Notification
40,6,615.08,0,0.019374229323637932,0,11.91670097238322,No Action
406,1,473.0,1,0.9999999996144877,1,472.9999998176527,Discount Email / Push Notification
105,16,5861.52,1,0.6462225820228505,0,3787.8465889785793,No Action
8,12,2783.83,0,0.0021190320567488633,0,5.899025010539188,No Action
2,7,3410.81,0,0.0012685077888628278,0,4.326639051331222,No Action
15,3,687.0699999999999,0,0.003258483624609221,0,2.2388063439602575,No Action
269,5,1509.34,1,0.999994392409667,1,1509.3315362396067,Discount Email / Push Notification
14,6,1803.1,0,0.0030561580168121686,0,5.510558520114021,No Action
286,4,511.25,1,0.9999983300049913,1,511.2491462150518,Discount Email / Push Notification
18,5,1125.15,0,0.004075476671268584,0,4.585522576677848,No Action
213,5,1890.57,1,0.9997117039174368,1,1890.0249560751884,Discount Email / Push Notification
6,3,735.82,0,0.001733206023528815,0,1.2753276562329727,No Action
441,1,167.13,1,0.9999999999672236,1,167.12999999452208,Discount Email / Push Notification
1,10,1908.25,0,0.0012987394507567023,0,2.4783195569064773,No Action
394,1,80.28,1,0.9999999991173154,1,80.27999992913809,Discount Email / Push Notification
564,1,91.8,1,0.9999999999999942,1,91.79999999999947,Discount Email / Push Notification
70,2,190.25,0,0.13426547983689047,0,25.544007538968412,No Action
17,12,4357.91,0,0.003772173624140658,0,16.438793158378814,No Action
29,4,1142.99,0,0.008643508222329172,0,9.87944346304002,No Action
169,4,541.9,1,0.993917839452023,1,538.6040771990513,Discount Email / Push Notification
590,2,400.95,1,0.9999999999999991,1,400.94999999999965,Discount Email / Push Notification
336,4,367.01,1,0.9999999501424426,1,367.00998170177786,Discount Email / Push Notification
64,2,583.75,0,0.09130910129240902,0,53.30168787944376,No Action
652,1,4376.25,1,1.0,1,4376.25,Personal Call + Premium Offer
57,6,3097.64,0,0.05650092200210239,0,175.01951603059243,No Action
403,1,136.01,1,0.9999999995295656,1,136.00999993601621,Discount Email / Push Notification
47,1,490.52,0,0.0292756741128729,0,14.360303665846414,No Action
2,19,9947.48,0,0.0012112297565549986,0,12.048683778735718,No Action
387,1,110.7,1,0.9999999985563812,1,110.69999984019141,Discount Email / Push Notification
58,14,3479.64,0,0.06644614184513614,0,231.20865301000953,No Action
282,10,2119.27,1,0.9999978601186087,1,2119.2654650135637,Discount Email / Push Notification
1,5,534.0600000000001,0,0.0012654299215960026,0,0.6758155039275613,No Action
408,2,607.0,1,0.9999999996682505,1,606.9999997986281,Discount Email / Push Notification
49,2,603.71,0,0.033882253994366264,0,20.45505555893886,No Action
185,1,394.14,1,0.9979339985328285,1,393.325706181729,Discount Email / Push Notification
129,1,919.61,1,0.9033558770891756,1,830.7350981299768,Discount Email / Push Notification
266,1,266.0,1,0.9999929678440673,1,265.9981294465219,Discount Email / Push Notification
185,1,247.44,1,0.9979441252274568,1,246.9312943462819,Discount Email / Push Notification
296,1,826.53,1,0.999999125957952,1,826.529277578026,Discount Email / Push Notification
3,6,1758.93,0,0.001417420863152827,0,2.493144078825402,No Action
477,2,600.34,1,0.999999999997375,1,600.3399999984241,Discount Email / Push Notification
121,3,976.06,1,0.8456641592851997,1,825.418959311912,Discount Email / Push Notification
41,1,338.8,0,0.01951275561203295,0,6.610921601356763,No Action
422,1,63.66,1,0.9999999998761919,1,63.65999999211837,Discount Email / Push Notification
46,1,278.3,0,0.027537199439185,0,7.663602603925185,No Action
399,2,326.25,1,0.9999999993822157,1,326.2499997984479,Discount Email / Push Notification
210,5,2046.34,1,0.9996423550150809,1,2045.6081367615607,Discount Email / Push Notification
53,5,1363.64,0,0.04512724155064796,0,61.5373116681256,No Action
154,2,159.2,1,0.9825071283883058,1,156.41513483941827,Discount Email / Push Notification
156,2,513.32,1,0.9845821471058618,1,505.40570775238103,Discount Email / Push Notification
385,1,295.13,1,0.9999999983286934,1,295.12999950674725,Discount Email / Push Notification
15,2,388.52,0,0.003244200752908113,0,1.26043687651986,No Action
85,1,659.44,0,0.3011211294499266,0,198.5713176044596,No Action
7,82,91194.49,0,0.0002794928216994791,0,25.48820533354493,No Action
183,3,814.5,1,0.9976583520666258,1,812.5927277582667,Discount Email / Push Notification
32,9,4314.9800000000005,0,0.010290433202977215,0,44.40301346218263,No Action
392,1,259.17,1,0.9999999989782882,1,259.16999973520296,Discount Email / Push Notification
168,8,1747.91,1,0.9935895572290098,1,1736.7051229761585,Discount Email / Push Notification
27,1,191.04,0,0.007436723340925012,0,1.4207116270503144,No Action
105,1,353.86,1,0.6389749826221455,0,226.1076873506724,No Action
73,14,1757.95,0,0.17757695899856765,0,312.171415071532,No Action
78,1,194.37,0,0.2112720791065351,0,41.064954015937225,No Action
723,1,161.6,1,1.0,1,161.6,Discount Email / Push Notification
3,18,3505.61,0,0.0015891101805714381,0,5.57080054011304,No Action
18,3,807.57,0,0.004002283136229886,0,3.232123792325169,No Action
168,2,885.19,1,0.9932119865159755,1,879.1813183440764,Discount Email / Push Notification
28,1,139.10000000000002,0,0.007986486506422716,0,1.1109202730433998,No Action
150,4,2027.87,1,0.9761986728591869,1,1979.6040027309593,Discount Email / Push Notification
443,2,604.33,1,0.9999999999715059,1,604.3299999827802,Discount Email / Push Notification
26,6,1686.28,0,0.007089406031114915,0,11.954723602148459,No Action
1,20,5800.42,0,0.0013165539083478258,0,7.636565621058896,No Action
73,5,1312.21,0,0.16141471896384785,0,211.8100083715508,No Action
51,1,112.46,0,0.03886311630227565,0,4.370546059353919,No Action
60,2,324.24,0,0.0711227255404415,0,23.06083252923275,No Action
39,3,1233.36,0,0.016983005415242166,0,20.946159558943076,No Action
314,2,779.5699999999999,1,0.9999997565865502,1,779.5698102421768,Discount Email / Push Notification
553,1,65.05,1,0.9999999999999873,1,65.04999999999917,Discount Email / Push Notification
63,1,600.39,0,0.08448814892962896,0,50.72583973585993,No Action
18,4,870.09,0,0.004051732708787569,0,3.5253721125889763,No Action
3,6,1545.62,0,0.0014275907163194307,0,2.2065127629576384,No Action
402,2,190.47,1,0.999999999501707,1,190.46999990509013,Discount Email / Push Notification
432,1,601.03,1,0.999999999937482,1,601.0299999624248,Discount Email / Push Notification
323,3,418.82,1,0.9999998739039583,1,418.8199471884558,Discount Email / Push Notification
287,4,2094.57,1,0.9999983581373196,1,2094.566561003686,Discount Email / Push Notification
16,1,199.48,0,0.003451158185120034,0,0.6884370347677443,No Action
326,12,3685.49,1,0.9999998998727209,1,3685.4896309819137,Personal Call + Premium Offer
4,2,382.67,0,0.0015028544804737151,0,0.5750973240428766,No Action
468,1,450.16,1,0.9999999999950189,1,450.1599999977577,Discount Email / Push Notification
422,2,286.6,1,0.9999999998770488,1,286.5999999647622,Discount Email / Push Notification
289,3,1224.18,1,0.9999985939516721,1,1224.178278743758,Discount Email / Push Notification
22,4,423.8,0,0.0054371608185368415,0,2.3042687548959133,No Action
276,1,162.70000000000002,1,0.999996524575884,1,162.69943454849633,Discount Email / Push Notification
303,1,133.35,1,0.9999994773333415,1,133.34993030240108,Discount Email / Push Notification
547,1,161.94,1,0.9999999999999807,1,161.93999999999687,Discount Email / Push Notification
113,11,4497.47,1,0.7571598041836513,1,3405.303504521846,Personal Call + Premium Offer
548,2,1147.02,1,0.9999999999999816,1,1147.0199999999788,Discount Email / Push Notification
3,25,12287.5,0,0.001309565612794512,0,16.091287467212567,No Action
29,15,1621.2800000000002,0,0.00995560312485285,0,16.140820234261433,No Action
44,1,229.64,0,0.024058284343158116,0,5.52474441656283,No Action
360,1,250.04,1,0.9999999903652587,1,250.03999759092926,Discount Email / Push Notification
23,2,3718.8,0,0.005074889975437242,0,18.872500840656016,No Action
240,5,1597.77,1,0.9999570146154692,1,1597.7013192421582,Discount Email / Push Notification
22,6,6373.68,0,0.00458718622148511,0,29.237257076155217,No Action
16,23,15587.88,0,0.002829927063434439,0,44.11256347356842,No Action
49,23,6860.18,0,0.03706177971904069,0,254.2504799929686,No Action
325,1,107.45,1,0.9999998883704422,1,107.44998800540401,Discount Email / Push Notification
416,3,800.1800000000001,1,0.9999999998121984,1,800.179999849725,Discount Email / Push Notification
29,6,3144.04,0,0.008321364369827753,0,26.16270243331325,No Action
150,2,486.8200000000001,1,0.9767242587336333,1,475.4889036367075,Discount Email / Push Notification
12,11,5617.79,0,0.002513167369089836,0,14.11844651439919,No Action
337,5,852.21,1,0.9999999534328119,1,852.2099603149767,Discount Email / Push Notification
2,5,2212.28,0,0.0012829965920269101,0,2.838347700609293,No Action
21,43,15763.45,0,0.0053178570880739184,0,83.82777431499882,No Action
512,4,1182.38,1,0.9999999999997766,1,1182.379999999736,Discount Email / Push Notification
30,8,1840.86,0,0.009585740564983547,0,17.64600637645561,No Action
255,3,478.53,1,0.9999851171734618,1,478.5228781210167,Discount Email / Push Notification
25,5,600.07,0,0.00675871474528401,0,4.055701957202576,No Action
79,1,507.84,0,0.22137619335710615,0,112.42368603447278,No Action
2,60,175603.55,0,8.432588448917325e-06,0,1.4807924673188757,No Action
74,2,482.47,0,0.1689563463400979,0,81.51636841870705,No Action
65,8,2995.91,0,0.097790613893597,0,292.9718780699662,No Action
73,8,1970.67,0,0.16430261714443478,0,323.7862385280233,No Action
242,1,185.65,1,0.9999622525635431,1,185.64299218842177,Discount Email / Push Notification
401,2,882.47,1,0.9999999994529472,1,882.4699995172423,Discount Email / Push Notification
18,2,357.20000000000005,0,0.004005028158065612,0,1.4305960580610366,No Action
18,3,641.82,0,0.004024520744672788,0,2.583017904345889,No Action
279,3,609.5699999999999,1,0.9999972227354482,1,609.5683070628471,Discount Email / Push Notification
81,3,508.51,0,0.25188784289647775,0,128.0874869912879,No Action
58,6,1114.54,0,0.06424516870767681,0,71.60381033145411,No Action
35,2,741.54,0,0.01290872663709877,0,9.57233715047422,No Action
616,1,379.2,1,0.9999999999999998,1,379.19999999999993,Discount Email / Push Notification
186,1,110.55,1,0.9980918701620557,1,110.33905624641525,Discount Email / Push Notification
393,8,2113.16,1,0.9999999990837067,1,2113.1599980637257,Discount Email / Push Notification
37,21,7239.92,0,0.015664346383364267,0,113.40861466784662,No Action
24,6,964.39,0,0.0063176365294204395,0,6.092665492607778,No Action
1,35,24775.81,0,0.0008650233031566771,0,21.431653004582234,No Action
28,9,2856.72,0,0.00818058310413271,0,23.369635365237993,No Action
374,1,416.35,1,0.9999999963704129,1,416.3499984888214,Discount Email / Push Notification
218,9,1792.26,1,0.9998089723288107,1,1791.9176287460343,Discount Email / Push Notification
382,15,11123.35,1,0.9999999975759324,1,11123.349973036247,Personal Call + Premium Offer
409,3,361.94,1,0.9999999996976467,1,361.93999989056624,Discount Email / Push Notification
106,1,156.51,1,0.6564859237012877,0,102.74661191848853,No Action
621,1,127.65,1,1.0,1,127.65,Discount Email / Push Notification
449,1,572.77,1,0.9999999999810412,1,572.769999989141,Discount Email / Push Notification
316,1,1693.88,1,0.9999997786790079,1,1693.879625108798,Discount Email / Push Notification
263,1,158.95000000000002,1,0.9999913523059518,1,158.94862544903106,Discount Email / Push Notification
474,5,2146.39,1,0.9999999999967322,1,2146.389999992986,Discount Email / Push Notification
24,2,744.85,0,0.00600932969733762,0,4.476049225061926,No Action
5,4,1387.79,0,0.0016040250667757594,0,2.226049947420731,No Action
143,7,4041.97,1,0.9607848735594174,1,3883.4636353809583,Personal Call + Premium Offer
294,1,307.4,1,0.999999011718962,1,307.3996962024089,Discount Email / Push Notification
437,4,2124.46,1,0.9999999999556262,1,2124.4599999057295,Discount Email / Push Notification
173,2,289.36,1,0.9953044838180816,1,288.0013054376001,Discount Email / Push Notification
413,1,205.25,1,0.9999999997661531,1,205.24999995200292,Discount Email / Push Notification
9,10,4022.91,0,0.0021183721534856303,0,8.522020519978877,No Action
158,1,155.8,1,0.9865405884668356,1,153.70302368313298,Discount Email / Push Notification
318,1,215.78,1,0.9999998169533528,1,215.77996050219448,Discount Email / Push Notification
38,4,1207.5,0,0.016091385941697005,0,19.430348524599133,No Action
666,1,380.0,1,1.0,1,380.0,Discount Email / Push Notification
9,3,102.45,0,0.0021840334460198267,0,0.22375422654473126,No Action
17,25,5706.87,0,0.004346446684693417,0,24.80460619147632,No Action
108,4,1373.35,1,0.6879123279255585,0,944.7443955565657,No Action
394,4,496.0,1,0.9999999991428286,1,495.99999957484295,Discount Email / Push Notification
44,1,189.4,0,0.02409001617883653,0,4.562649064271639,No Action
67,13,2154.3,0,0.12117293256333779,0,261.04284862119863,No Action
464,2,182.59,1,0.9999999999935583,1,182.5899999988238,Discount Email / Push Notification
184,6,1071.45,1,0.9978908232263154,1,1069.1901225458357,Discount Email / Push Notification
39,8,4103.12,0,0.016583989386804217,0,68.04609853278411,No Action
379,8,4709.2300000000005,1,0.9999999973314018,1,4709.229987432957,Personal Call + Premium Offer
3,23,47781.12,0,0.0003869217673118276,0,18.487555394538514,No Action
218,12,4149.79,1,0.9998020022574579,1,4148.968350947976,Personal Call + Premium Offer
403,4,1157.3,1,0.9999999995337827,1,1157.2999994604468,Discount Email / Push Notification
226,1,201.19,1,0.9998840148585119,1,201.166664949384,Discount Email / Push Notification
4,9,2308.06,0,0.001558433684999039,0,3.5969584509988817,No Action
116,4,1992.18,1,0.7909493950372777,1,1575.713565805364,Discount Email / Push Notification
1,3,1316.56,0,0.001197649442920001,0,1.5767773505707565,No Action
423,1,474.03,1,0.9999999998829765,1,474.02999994452733,Discount Email / Push Notification
43,4,954.09,0,0.022885799308804713,0,21.83511226253749,No Action
65,19,6486.091,0,0.10151925697282999,0,658.4631389781598,No Action
11,10,5494.7,0,0.002319404405821589,0,12.744431388667886,No Action
85,3,449.68,0,0.30872877009010347,0,138.82915333411773,No Action
9,8,2863.45,0,0.0021397454778134747,0,6.127054188444994,No Action
266,1,152.55,1,0.9999929945699993,1,152.5489313216534,Discount Email / Push Notification
401,2,227.47000000000003,1,0.9999999994648425,1,227.46999987826774,Discount Email / Push Notification
10,66,10636.47,0,0.004074679049257963,0,43.34020146706084,No Action
282,2,685.9,1,0.9999977111200654,1,685.8984300572529,Discount Email / Push Notification
735,2,777.0,1,1.0,1,777.0,Discount Email / Push Notification
301,6,2642.35,1,0.9999993913281532,1,2642.3483916759455,Discount Email / Push Notification
509,2,679.44,1,0.9999999999997209,1,679.4399999998104,Discount Email / Push Notification
735,1,160.39,1,1.0,1,160.39,Discount Email / Push Notification
144,7,2864.9700000000003,1,0.9647132628550341,1,2763.8745566817875,Discount Email / Push Notification
431,1,438.46,1,0.9999999999333049,1,438.4599999707568,Discount Email / Push Notification
400,2,605.9,1,0.9999999994186262,1,605.8999996477455,Discount Email / Push Notification
5,2,697.04,0,0.001594968428587911,0,1.1117567934629173,No Action
28,10,1715.46,0,0.008619724611190264,0,14.78679278151245,No Action
49,2,173.16000000000005,0,0.034358490902383576,0,5.949516284656742,No Action
377,2,205.99,1,0.9999999971215936,1,205.98999940707708,Discount Email / Push Notification
25,13,4557.13,0,0.00664295773875443,0,30.272822000009974,No Action
238,2,429.6,1,0.9999503404299838,1,429.57866624872105,Discount Email / Push Notification
162,33,16644.01,1,0.9888304575452227,1,16458.10402368726,Personal Call + Premium Offer
310,9,940.35,1,0.9999997071415919,1,940.349724610596,Discount Email / Push Notification
375,5,977.3,1,0.9999999967452862,1,977.2999968191681,Discount Email / Push Notification
252,2,333.29,1,0.9999814559092942,1,333.2838194400087,Discount Email / Push Notification
733,1,188.69,1,1.0,1,188.69,Discount Email / Push Notification
235,1,338.95,1,0.9999380109408164,1,338.9289888083897,Discount Email / Push Notification
401,1,81.6,1,0.9999999994597171,1,81.5999999559129,Discount Email / Push Notification
361,2,307.69,1,0.9999999911293206,1,307.68999727058065,Discount Email / Push Notification
184,5,1003.64,1,0.9978650917643151,1,1001.4973206983373,Discount Email / Push Notification
23,3,564.62,0,0.005719891862035909,0,3.229565343142715,No Action
1,6,2225.91,0,0.0012130130520621916,0,2.7000578827157526,No Action
5,8,808.62,0,0.001732451257656079,0,1.4008947359658586,No Action
4,13,3998.25,0,0.0015599620586504513,0,6.237118300999167,No Action
689,1,246.75,1,1.0,1,246.75,Discount Email / Push Notification
30,3,1015.29,0,0.009172996598278907,0,9.31325171626659,No Action
25,6,1468.55,0,0.006660601718115098,0,9.781426653137927,No Action
6,7,1407.12,0,0.0017951530508082698,0,2.5259957608533323,No Action
254,3,1338.91,1,0.9999835682529968,1,1338.88799936962,Discount Email / Push Notification
78,1,964.83,0,0.20699512741983175,0,199.71510878847627,No Action
23,5,1376.87,0,0.005728960261494384,0,7.888033515243772,No Action
21,3,1129.3,0,0.004882106398293745,0,5.513362755593126,No Action
9,21,2986.99,0,0.0025693930404201717,0,7.674751317804648,No Action
581,2,385.2,1,0.9999999999999982,1,385.1999999999993,Discount Email / Push Notification
147,13,6713.5,1,0.9700004173985379,1,6512.097802205084,Personal Call + Premium Offer
662,8,181.35,1,1.0,1,181.35,Discount Email / Push Notification
141,4,1300.25,1,0.9571873066592893,1,1244.582795483741,Discount Email / Push Notification
79,3,908.46,0,0.22404363963460813,0,203.53468486245612,No Action
267,3,1218.7,1,0.9999934236281378,1,1218.6919853756117,Discount Email / Push Notification
189,2,542.03,1,0.9984532653455567,1,541.191623415252,Discount Email / Push Notification
431,1,1037.28,1,0.9999999999319509,1,1037.279999929414,Discount Email / Push Notification
2,18,6797.191,0,0.0013268768715314007,0,9.019035529281393,No Action
85,11,2250.11,0,0.3205867408014686,0,721.3554313447926,No Action
2,9,1258.97,0,0.0014032421162314787,0,1.7666397270719447,No Action
602,1,329.22,1,0.9999999999999996,1,329.21999999999986,Discount Email / Push Notification
24,3,682.9100000000001,0,0.006108735648104208,0,4.171716661446845,No Action
67,3,2543.7200000000003,0,0.10539032596090737,0,268.0834799532793,No Action
610,4,797.96,1,0.9999999999999998,1,797.9599999999998,Discount Email / Push Notification
10,4,464.57,0,0.002347648804845523,0,1.0906472052670846,No Action
360,4,548.76,1,0.999999990680411,1,548.7599948857824,Discount Email / Push Notification
9,4,2381.04,0,0.0020529024391083995,0,4.888042823614663,No Action
648,3,611.6,1,1.0,1,611.6,Discount Email / Push Notification
282,2,884.18,1,0.9999976958367937,1,884.1779627049762,Discount Email / Push Notification
393,2,843.74,1,0.9999999990425283,1,843.7399991921428,Discount Email / Push Notification
169,4,770.73,1,0.993871233723776,1,766.0063759679258,Discount Email / Push Notification
35,4,247.96,0,0.013500485146135367,0,3.3475802968357256,No Action
2,7,3119.44,0,0.00128095798263904,0,3.9958715693635267,No Action
491,1,591.87,1,0.9999999999990026,1,591.8699999994096,Discount Email / Push Notification
31,5,3116.26,0,0.009435409350846283,0,29.40318874366824,No Action
308,2,697.0600000000001,1,0.9999996302674453,1,697.0597422742255,Discount Email / Push Notification
30,10,3195.6,0,0.009429281673450883,0,30.13221251567964,No Action
725,1,31.93,1,1.0,1,31.93,Discount Email / Push Notification
420,1,157.86,1,0.9999999998570983,1,157.85999997744156,Discount Email / Push Notification
559,1,135.95,1,0.9999999999999916,1,135.94999999999885,Discount Email / Push Notification
39,6,1899.68,0,0.017335789689656433,0,32.93245295764653,No Action
534,1,320.0,1,0.9999999999999516,1,319.99999999998454,Discount Email / Push Notification
51,9,4978.96,0,0.037112336123522105,0,184.78083706557163,No Action
10,9,3652.48,0,0.0022674032009310694,0,8.281644843336712,No Action
190,2,443.06,1,0.998562648104575,1,442.423166869213,Discount Email / Push Notification
171,1,532.94,1,0.9944785327389967,1,529.997389237921,Discount Email / Push Notification
15,4,579.63,0,0.0033175827006042546,0,1.9229704607512441,No Action
11,14,4051.63,0,0.0025784700239491897,0,10.447006503133256,No Action
59,3,1134.03,0,0.06583798860822938,0,74.66225422139037,No Action
78,2,307.76,0,0.21304750060499614,0,65.56749878619361,No Action
5,29,5866.63,0,0.0019788314764827048,0,11.60907210487773,No Action
443,4,678.77,1,0.9999999999722471,1,678.7699999811622,Discount Email / Push Notification
399,1,165.45000000000002,1,0.9999999993766115,1,165.4499998968604,Discount Email / Push Notification
72,6,1001.34,0,0.15538053269455326,0,155.58874260836396,No Action
71,1,379.14,0,0.1401077314687879,0,53.120445309076246,No Action
389,2,241.68,1,0.9999999987578314,1,241.6799996997927,Discount Email / Push Notification
517,1,14.85,1,0.9999999999998421,1,14.849999999997655,Discount Email / Push Notification
49,3,874.25,0,0.034057733108106385,0,29.774973169762006,No Action
641,2,469.13,1,1.0,1,469.13,Discount Email / Push Notification
3,3,974.42,0,0.0013936284330399737,0,1.357979417722811,No Action
74,1,544.08,0,0.16665283634011088,0,90.67247519592753,No Action
87,14,4448.1,0,0.34495191830147987,0,1534.3806277968126,No Action
410,2,381.15,1,0.999999999713844,1,381.1499998909316,Discount Email / Push Notification
588,1,62.5,1,0.9999999999999989,1,62.49999999999993,Discount Email / Push Notification
11,4,775.96,0,0.0024916618272095834,0,1.9334299114415485,No Action
364,8,2382.62,1,0.9999999929330174,1,2382.619983162066,Discount Email / Push Notification
7,8,1720.81,0,0.0019328252191186165,0,3.326024965311506,No Action
235,3,663.79,1,0.9999391138055138,1,663.749584352962,Discount Email / Push Notification
393,2,230.86,1,0.9999999990620227,1,230.8599997834586,Discount Email / Push Notification
87,2,486.09,0,0.33593636435950447,0,163.29530735151152,No Action
400,1,223.98,1,0.99999999941769,1,223.97999986957421,Discount Email / Push Notification
56,20,4234.99,0,0.06170752737849889,0,261.330761372669,No Action
609,1,17.65,1,0.9999999999999998,1,17.649999999999995,Discount Email / Push Notification
85,6,2475.23,0,0.30348207534925054,0,751.1879373667255,No Action
410,12,5625.461,1,0.9999999997046152,1,5625.460998338324,Personal Call + Premium Offer
450,1,124.75,1,0.999999999982589,1,124.74999999782798,Discount Email / Push Notification
220,1,446.62,1,0.9998218857081302,1,446.54045059496514,Discount Email / Push Notification
3,2,239.76,0,0.0014079385329556961,0,0.3375673426614577,No Action
114,1,185.9,1,0.7698983493397816,1,143.1241031422654,Discount Email / Push Notification
428,1,458.45,1,0.9999999999176321,1,458.44999996223845,Discount Email / Push Notification
35,2,195.15,0,0.013144501514072482,0,2.565149470471245,No Action
66,11,4234.53,0,0.10431475146162253,0,441.72394450678445,No Action
106,3,1526.06,1,0.6526167484481242,0,995.9323151367445,No Action
45,3,1063.95,0,0.02578248343341361,0,27.43127324898041,No Action
641,1,433.77,1,1.0,1,433.77,Discount Email / Push Notification
168,8,4877.84,1,0.9928845357946309,1,4843.131904080483,Personal Call + Premium Offer
56,10,6835.07,0,0.049585446397081116,0,338.9199971052972,No Action
33,4,602.73,0,0.011616925207711355,0,7.001869330443865,No Action
0,22,8167.38,0,0.001167013065793833,0,9.531439173303236,No Action
184,10,7793.51,1,0.9975061730377048,1,7774.074334631083,Personal Call + Premium Offer
10,12,2289.65,0,0.002477992522035632,0,5.673735578078886,No Action
329,2,437.05,1,0.9999999159597794,1,437.0499632702216,Discount Email / Push Notification
475,3,333.18,1,0.9999999999970495,1,333.17999999901696,Discount Email / Push Notification
625,1,71.4,1,1.0,1,71.4,Discount Email / Push Notification
319,5,9443.04,1,0.9999997804456824,1,9443.037926739797,Personal Call + Premium Offer
5,3,663.81,0,0.0016199122255722677,0,1.075313934457127,No Action
204,6,1738.52,1,0.9994686633818672,1,1737.5962606626438,Discount Email / Push Notification
428,5,1155.0300000000002,1,0.9999999999204119,1,1155.0299999080735,Discount Email / Push Notification
631,1,114.69,1,1.0,1,114.69,Discount Email / Push Notification
689,1,60.96,1,1.0,1,60.96,Discount Email / Push Notification
63,1,233.76,0,0.0854448538861819,0,19.973589044433883,No Action
8,12,3472.41,0,0.002070720357868541,0,7.190390077866301,No Action
382,5,1222.04,1,0.9999999979914773,1,1222.039997545505,Discount Email / Push Notification
422,1,75.41,1,0.9999999998761431,1,75.40999999065994,Discount Email / Push Notification
64,2,777.01,0,0.0907723285945193,0,70.53100704122744,No Action
423,1,279.59,1,0.9999999998837377,1,279.5899999674942,Discount Email / Push Notification
261,6,1838.95,1,0.9999902056788694,1,1838.931988733157,Discount Email / Push Notification
467,2,848.33,1,0.9999999999946627,1,848.3299999954722,Discount Email / Push Notification
23,22,8658.36,0,0.0057339586325143915,0,49.64667806541731,No Action
681,1,337.67,1,1.0,1,337.67,Discount Email / Push Notification
1,9,2591.34,0,0.0012511799470552839,0,3.2422326440022395,No Action
16,109,63651.47,0,0.001951740691172349,0,124.23116405193603,No Action
574,1,157.35,1,0.9999999999999971,1,157.34999999999954,Discount Email / Push Notification
238,1,1143.6,1,0.9999483969216658,1,1143.540986719617,Discount Email / Push Notification
91,2,548.94,1,0.40058206827582643,0,219.89552055933217,No Action
625,1,291.5,1,1.0,1,291.5,Discount Email / Push Notification
98,7,2102.68,1,0.5269409006350315,0,1107.988092947268,No Action
681,1,107.14,1,1.0,1,107.14,Discount Email / Push Notification
179,3,321.43,1,0.9969531025944782,1,320.45063576694315,Discount Email / Push Notification
462,1,582.64,1,0.999999999992379,1,582.6399999955597,Discount Email / Push Notification
78,6,1708.99,0,0.21484363226337705,0,367.16561910178876,No Action
71,3,3424.02,0,0.13150265793202195,0,450.2677308124018,No Action
364,3,2492.39,1,0.9999999923763422,1,2492.3899809988716,Discount Email / Push Notification
200,4,851.37,1,0.9992973710008334,1,850.7718027489796,Discount Email / Push Notification
8,2,453.4,0,0.001983842850949344,0,0.8994743486204325,No Action
42,2,614.89,0,0.021006587516192478,0,12.916740597831593,No Action
3,3,908.35,0,0.0013967179843774307,0,1.2687087811092392,No Action
13,4,692.85,0,0.002873753155481433,0,1.9910798737753108,No Action
157,8,2433.28,1,0.9859217752023273,1,2399.0237371643193,Discount Email / Push Notification
91,8,2399.33,1,0.4064693870679538,0,975.2541944737536,No Action
91,3,991.13,1,0.4004827041498865,0,396.930422564077,No Action
43,7,2712.97,0,0.02253620010506619,0,61.14003479904142,No Action
136,8,6017.06,1,0.9343740175979653,1,5622.184526328014,Personal Call + Premium Offer
47,7,3075.14,0,0.029270467660832133,0,90.01078592253133,No Action
8,9,7043.18,0,0.0017595833665104504,0,12.393062375339074,No Action
310,1,1063.0,1,0.9999996699555681,1,1062.999649162769,Discount Email / Push Notification
316,3,1352.15,1,0.9999997874262428,1,1352.1497125683943,Discount Email / Push Notification
11,12,4401.79,0,0.0024761149840290208,0,10.899338175549103,No Action
2,3,846.22,0,0.0013049582631909351,0,1.104281781477433,No Action
630,2,13916.34,1,1.0,1,13916.34,Personal Call + Premium Offer
591,3,229.46,1,0.9999999999999991,1,229.4599999999998,Discount Email / Push Notification
17,2,616.26,0,0.003702572716680795,0,2.2817474623817064,No Action
395,3,1254.21,1,0.9999999991683741,1,1254.2099989569665,Discount Email / Push Notification
1,23,9459.37,0,0.0012160325500675062,0,11.502901823132067,No Action
196,3,2151.11,1,0.9990145257830835,1,2148.9901365572487,Discount Email / Push Notification
4,3,729.33,0,0.0015070507388278568,0,1.099137315349321,No Action
9,13,6399.83,0,0.002042610718202885,0,13.072361352676369,No Action
337,2,660.8000000000001,1,0.9999999516843844,1,660.7999680730412,Discount Email / Push Notification
378,6,2265.2,1,0.9999999972857672,1,2265.1999938517197,Discount Email / Push Notification
237,3,780.4,1,0.9999468740542575,1,780.3585405119426,Discount Email / Push Notification
35,27,10857.97,0,0.013180985823701849,0,143.11874864417996,No Action
61,9,1433.38,0,0.08049270700238485,0,115.3766363630784,No Action
11,8,1934.39,0,0.0025389030280122404,0,4.911228628356598,No Action
105,3,1520.96,1,0.6365916480136574,0,968.2304329628524,No Action
216,2,252.52,1,0.9997691067355,1,252.46169483284848,Discount Email / Push Notification
0,28,28882.44,0,0.0006352557421090709,0,18.34773585612071,No Action
32,12,6370.15,0,0.010031997570063258,0,63.905329320938456,No Action
4,9,3062.4,0,0.001519531113457546,0,4.653412081852389,No Action
545,1,1575.26,1,0.9999999999999767,1,1575.2599999999632,Discount Email / Push Notification
450,3,798.33,1,0.9999999999826974,1,798.3299999861869,Discount Email / Push Notification
446,3,566.7,1,0.9999999999772717,1,566.6999999871199,Discount Email / Push Notification
537,1,134.36,1,0.9999999999999609,1,134.35999999999476,Discount Email / Push Notification
394,2,532.25,1,0.9999999991166602,1,532.2499995298424,Discount Email / Push Notification
463,4,1275.81,1,0.999999999993036,1,1275.8099999911153,Discount Email / Push Notification
534,2,534.99,1,0.9999999999999518,1,534.9899999999742,Discount Email / Push Notification
50,4,1929.66,0,0.03571171976774539,0,68.91147716702757,No Action
366,14,4587.65,1,0.9999999939345197,1,4587.649972173699,Personal Call + Premium Offer
37,7,5120.0,0,0.013769758471628521,0,70.50116337473803,No Action
35,12,1988.23,0,0.014281222003028678,0,28.394354023081707,No Action
26,6,1267.65,0,0.0071889995168269724,0,9.113135237505713,No Action
28,3,380.6,0,0.008152570192967452,0,3.1028682154434124,No Action
231,2,336.09,1,0.9999191220981193,1,336.06281774595686,Discount Email / Push Notification
70,4,1006.53,0,0.13443504771113907,0,135.3129085726928,No Action
89,1,378.64,0,0.36539707421254647,0,138.3539481798386,No Action
40,35,12645.57,0,0.019653866194458396,0,248.53434073265726,No Action
17,9,1751.39,0,0.003941976550786826,0,6.903938311282539,No Action
8,17,7431.05,0,0.0019489494689754945,0,14.482740951430348,No Action
737,1,80.4,1,1.0,1,80.4,Discount Email / Push Notification
3,13,2799.25,0,0.0015140965987154647,0,4.238334903954264,No Action
360,3,539.14,1,0.9999999905480285,1,539.139994904064,Discount Email / Push Notification
95,11,5257.38,1,0.4623965188387295,0,2430.9942102123596,No Action
394,2,634.68,1,0.9999999991136181,1,634.6799994374311,Discount Email / Push Notification
490,2,304.25,1,0.9999999999989555,1,304.2499999996822,Discount Email / Push Notification
430,1,307.95000000000005,1,0.9999999999287723,1,307.9499999780655,Discount Email / Push Notification
10,11,4012.2,0,0.0023056870234470805,0,9.250877475474375,No Action
71,1,224.14,0,0.14073567450474295,0,31.54449408349308,No Action
42,11,6308.0,0,0.01978357501955411,0,124.79479122334732,No Action
171,5,2733.8,1,0.9943890957300733,1,2718.4609099068743,Discount Email / Push Notification
253,1,836.79,1,0.999982161704902,1,836.7750730930449,Discount Email / Push Notification
365,1,337.20000000000005,1,0.9999999931950911,1,337.19999770538476,Discount Email / Push Notification
86,2,285.74,0,0.3219416400576788,0,91.99160423008114,No Action
27,7,5464.85,0,0.006798019395531997,0,37.150156293673035,No Action
11,6,2773.85,0,0.0023984966058201405,0,6.6530698100541965,No Action
673,1,349.25,1,1.0,1,349.25,Discount Email / Push Notification
89,4,1358.95,0,0.36780741530268696,0,499.83188702558647,No Action
69,3,1843.35,0,0.12185852026935784,0,224.62790333852075,No Action
45,4,1054.67,0,0.026155296928832318,0,27.585207011931583,No Action
6,35,13365.87,0,0.0017998102906889757,0,24.05603037001106,No Action
169,1,330.11,1,0.9936952042497547,1,328.0287238748865,Discount Email / Push Notification
3,16,7092.610000000001,0,0.0013690900158437197,0,9.710421537273325,No Action
27,3,2321.82,0,0.007128348254442779,0,16.550741544130336,No Action
688,1,183.2,1,1.0,1,183.2,Discount Email / Push Notification
393,5,951.76,1,0.9999999990797563,1,951.7599991241489,Discount Email / Push Notification
78,14,6270.56,0,0.208555597367792,0,1307.760386630582,No Action
1,4,1295.7,0,0.0012158828131795265,0,1.5754193610367124,No Action
30,9,3208.52,0,0.009291478545016552,0,29.811894741256506,No Action
529,3,722.09,1,0.9999999999999323,1,722.0899999999511,Discount Email / Push Notification
27,6,2863.08,0,0.007308328905654063,0,20.924330323200035,No Action
366,7,1286.45,1,0.9999999939937108,1,1286.4499922732093,Discount Email / Push Notification
373,9,2011.82,1,0.9999999963403094,1,2011.8199926373613,Discount Email / Push Notification
554,1,109.44,1,0.9999999999999882,1,109.4399999999987,Discount Email / Push Notification
402,1,314.74,1,0.9999999994923527,1,314.7399998402231,Discount Email / Push Notification
30,11,3170.98,0,0.009572831337218061,0,30.355256713691727,No Action
24,17,4904.43,0,0.00648594879361155,0,31.809881841852295,No Action
583,1,289.87,1,0.9999999999999984,1,289.86999999999955,Discount Email / Push Notification
14,25,8886.33,0,0.003169050958609126,0,28.161232605017037,No Action
4,7,2766.21,0,0.0014911030242706171,0,4.124704096767624,No Action
617,4,1226.57,1,0.9999999999999998,1,1226.5699999999997,Discount Email / Push Notification
132,5,1035.49,1,0.9240924906796377,1,956.888533173858,Discount Email / Push Notification
635,2,255.25,1,1.0,1,255.25,Discount Email / Push Notification
22,9,6620.4800000000005,0,0.004749802223550527,0,31.445970624971796,No Action
437,2,1502.98,1,0.99999999995527,1,1502.9799999327718,Discount Email / Push Notification
375,1,358.61,1,0.999999996622791,1,358.60999878889913,Discount Email / Push Notification
24,3,875.97,0,0.006069519690113106,0,5.316717162948378,No Action
18,4,1293.71,0,0.003994760301572116,0,5.168061349746862,No Action
157,5,974.61,1,0.9860003311750757,1,960.9657827665405,Discount Email / Push Notification
60,1,499.32,0,0.0697929803409801,0,34.84903094385818,No Action
413,1,515.78,1,0.999999999763703,1,515.7799998781227,Discount Email / Push Notification
9,8,3071.68,0,0.0021248746768670035,0,6.526935047438837,No Action
156,8,1806.28,1,0.9852239427677708,1,1779.590303342569,Discount Email / Push Notification
43,4,1443.69,0,0.02252119575660173,0,32.513625101848355,No Action
184,1,320.58000000000004,1,0.9977896898533251,1,319.87141877317896,Discount Email / Push Notification
17,9,8657.39,0,0.003128981041725182,0,27.088809180821173,No Action
413,1,366.4,1,0.9999999997648847,1,366.3999999138537,Discount Email / Push Notification
393,7,1580.3,1,0.9999999990868691,1,1580.2999985569793,Discount Email / Push Notification
8,25,9167.71,0,0.002063304274826328,0,18.915775233368073,No Action
171,1,492.36,1,0.9944860064963583,1,489.645130158547,Discount Email / Push Notification
309,1,331.24,1,0.999999654567228,1,331.2398855788486,Discount Email / Push Notification
390,2,519.29,1,0.9999999988311212,1,519.2899993930129,Discount Email / Push Notification
205,2,300.67,1,0.9994999305789797,1,300.51964412718183,Discount Email / Push Notification
410,1,233.35,1,0.999999999711122,1,233.3499999325903,Discount Email / Push Notification
2,16,6165.79,0,0.0013167608992430927,0,8.118871184944068,No Action
66,9,2034.12,0,0.10859458307280474,0,220.89441332005356,No Action
207,2,1303.91,1,0.9995504679001188,1,1303.323850599644,Discount Email / Push Notification
15,5,891.34,0,0.0033307209682974528,0,2.9688048278822516,No Action
6,1,174.37,0,0.001715971001258036,0,0.29921386348936374,No Action
1,11,3586.03,0,0.0012455318678417434,0,4.466514644036527,No Action
90,11,1811.25,0,0.4047551991152472,0,733.1128543974916,No Action
54,6,2110.99,0,0.047760538001965024,0,100.82201811676813,No Action
3,20,3072.89,0,0.0016594443597890733,0,5.099289978752245,No Action
511,3,1220.9,1,0.9999999999997566,1,1220.899999999703,Discount Email / Push Notification
70,4,612.36,0,0.13598195527720364,0,83.26991013354842,No Action
463,4,390.56,1,0.9999999999932399,1,390.55999999735974,Discount Email / Push Notification
114,2,605.0600000000001,1,0.7699619661047385,1,465.8731872113332,Discount Email / Push Notification
205,18,9565.12,1,0.9994582464385636,1,9559.938062174435,Personal Call + Premium Offer
21,6,2812.34,0,0.004818366024657525,0,13.550883505785345,No Action
3,22,6795.9,0,0.001507620179435777,0,10.245635977427597,No Action
43,5,3608.34,0,0.021274425324591395,0,76.76535987573612,No Action
33,10,3398.48,0,0.011533752435290527,0,39.19722697628615,No Action
0,28,12070.42,0,0.0011163495477709514,0,13.474807908405447,No Action
14,52,17479.84,0,0.0035050780499040132,0,61.268203499834165,No Action
1,4,357.0,0,0.001254751709806156,0,0.4479463604007977,No Action
28,3,1071.99,0,0.00796705309205637,0,8.540601244153507,No Action
665,1,247.5,1,1.0,1,247.5,Discount Email / Push Notification
0,6,2409.04,0,0.0011240279740377705,0,2.7078283505759506,No Action
86,1,112.08,0,0.32006739648353155,0,35.87315379787422,No Action
28,3,957.59,0,0.007997457745815202,0,7.65828556281518,No Action
140,2,359.47,1,0.95433810169655,1,343.05591741685885,Discount Email / Push Notification
129,4,1918.49,1,0.9042043547227587,1,1734.7070124920654,Discount Email / Push Notification
461,2,859.2,1,0.9999999999918674,1,859.1999999930125,Discount Email / Push Notification
2,12,4184.01,0,0.0013283907957220558,0,5.558000373209039,No Action
212,1,426.6,1,0.9996881038531409,1,426.46694510374994,Discount Email / Push Notification
372,2,632.14,1,0.9999999958537822,1,632.1399973790099,Discount Email / Push Notification
28,2,277.05,0,0.008064485175750494,0,2.2342656179416744,No Action
628,2,43.87,1,1.0,1,43.87,Discount Email / Push Notification
38,20,9879.48,0,0.015165216967096344,0,149.824457722089,No Action
1,20,8208.01,0,0.001214475490583641,0,9.968426971465432,No Action
533,1,150.55,1,0.9999999999999483,1,150.54999999999222,Discount Email / Push Notification
330,2,402.71,1,0.9999999217419574,1,402.70996848470367,Discount Email / Push Notification
38,2,1079.66,0,0.015707056019177462,0,16.95828010166514,No Action
17,14,3637.33,0,0.003976836369303369,0,14.465066231158223,No Action
471,2,1450.5,1,0.999999999995886,1,1450.4999999940326,Discount Email / Push Notification
2,57,29532.45,0,0.0010861832172025278,0,32.077651552872794,No Action
264,7,1165.36,1,0.9999923525284847,1,1165.3510879425949,Discount Email / Push Notification
28,4,1328.0700000000002,0,0.008013284857363375,0,10.64220322051858,No Action
637,2,194.7,1,1.0,1,194.7,Discount Email / Push Notification
590,1,231.93,1,0.9999999999999991,1,231.9299999999998,Discount Email / Push Notification
36,1,147.35,0,0.013909005792055043,0,2.0494920034593105,No Action
434,4,2037.02,1,0.9999999999453959,1,2037.0199998887704,Discount Email / Push Notification
4,5,1845.31,0,0.0014941634415925223,0,2.7571947404050974,No Action
73,1,704.04,0,0.1564295508921687,0,110.13266101012245,No Action
276,1,237.36,1,0.9999965158560536,1,237.3591730035929,Discount Email / Push Notification
673,1,931.43,1,1.0,1,931.43,Discount Email / Push Notification
518,3,382.31,1,0.9999999999998552,1,382.30999999994464,Discount Email / Push Notification
8,8,1114.72,0,0.002115462998233976,0,2.358148913391378,No Action
17,5,1422.52,0,0.0037628978629693586,0,5.352797468031172,No Action
604,3,402.72,1,0.9999999999999996,1,402.71999999999986,Discount Email / Push Notification
367,1,362.24,1,0.9999999940806772,1,362.2399978557845,Discount Email / Push Notification
51,8,3243.69,0,0.038710193110544036,0,125.56386629074059,No Action
617,1,76.23,1,0.9999999999999998,1,76.22999999999999,Discount Email / Push Notification
211,4,5164.88,1,0.9996244134612708,1,5162.940140597849,Personal Call + Premium Offer
396,2,301.54,1,0.999999999238185,1,301.5399997702823,Discount Email / Push Notification
16,1,95.34,0,0.0034632003480219702,0,0.33018152118041466,No Action
275,55,54943.65,1,0.99998924473475,1,54943.05906647045,Personal Call + Premium Offer
65,5,1200.2,0,0.09929966045321109,0,119.17945247594396,No Action
22,13,5796.52,0,0.005170894349875845,0,29.973192516942333,No Action
266,5,3365.86,1,0.9999926343673592,1,3365.8352083117197,Personal Call + Premium Offer
2,6,1840.06,0,0.0013179588044864314,0,2.4251232777833027,No Action
10,12,3082.1,0,0.002413109762556159,0,7.437445599174337,No Action
4,5,1026.42,0,0.0015357360858890862,0,1.576310233278276,No Action
2,17,3562.89,0,0.001457648248706091,0,5.193440368832444,No Action
0,45,31819.76,0,0.0007355442724987669,0,23.404842220285364,No Action
8,4,689.1,0,0.00202574640126949,0,1.3959418451148056,No Action
395,1,100.35,1,0.9999999991765438,1,100.34999991736616,Discount Email / Push Notification
63,1,6.2,0,0.0860435912881349,0,0.5334702659864363,No Action
70,3,1301.78,0,0.13162820782148477,0,171.35096837785244,No Action
21,4,992.71,0,0.004975347473676441,0,4.9390771905933395,No Action
93,4,1455.5600000000002,1,0.43429422078970653,0,632.1412960126653,No Action
372,2,983.15,1,0.9999999958046459,1,983.1499958753376,Discount Email / Push Notification
543,1,305.28000000000003,1,0.9999999999999742,1,305.2799999999922,Discount Email / Push Notification
62,3,1175.22,0,0.07991949243428695,0,93.92298589862271,No Action
723,1,377.49,1,1.0,1,377.49,Discount Email / Push Notification
456,2,566.9,1,0.9999999999885645,1,566.8999999935172,Discount Email / Push Notification
40,28,4377.56,0,0.023359368079616173,0,102.25703533060458,No Action
15,8,8202.98,0,0.002722841679867666,0,22.335415843120863,No Action
74,6,2596.93,0,0.16710290935230787,0,433.9545583842889,No Action
14,4,762.75,0,0.003074685400138392,0,2.345216288955559,No Action
423,1,261.35,1,0.9999999998838087,1,261.3499999696334,Discount Email / Push Notification
7,17,3421.39,0,0.0020784207669550642,0,7.111088027852387,No Action
681,1,453.38,1,1.0,1,453.38,Discount Email / Push Notification
557,2,496.5,1,0.9999999999999905,1,496.4999999999953,Discount Email / Push Notification
58,1,153.12,0,0.061889533528910357,0,9.476525373946753,No Action
9,11,2868.8,0,0.0022337820582595666,0,6.408273968735045,No Action
14,8,2399.57,0,0.0030831971795961793,0,7.398347456243604,No Action
393,1,51.84,1,0.9999999990540926,1,51.83999995096416,Discount Email / Push Notification
436,3,1404.68,1,0.9999999999528635,1,1404.6799999337884,Discount Email / Push Notification
500,1,1071.82,1,0.9999999999994609,1,1071.8199999994222,Discount Email / Push Notification
17,7,2206.16,0,0.0037724825431266562,0,8.322700087344304,No Action
25,15,6368.71,0,0.006435427652146548,0,40.985372442502246,No Action
3,1,244.41,0,0.0013875827816785167,0,0.33913910767004624,No Action
721,1,294.0,1,1.0,1,294.0,Discount Email / Push Notification
32,12,3314.76,0,0.011103352159018864,0,36.804947602629376,No Action
4,26,14000.85,0,0.0013454281223298486,0,18.837137326521862,No Action
73,3,1364.2,0,0.15731544714483084,0,214.60973299497823,No Action
431,2,495.98,1,0.9999999999341334,1,495.9799999673315,Discount Email / Push Notification
17,1,309.65,0,0.003687344174458365,0,1.1417861236210325,No Action
431,2,249.7,1,0.9999999999346754,1,249.69999998368843,Discount Email / Push Notification
73,3,787.52,0,0.15989840510779466,0,125.92319199049044,No Action
499,3,767.91,1,0.9999999999994438,1,767.9099999995728,Discount Email / Push Notification
442,1,722.5600000000001,1,0.9999999999688685,1,722.5599999775056,Discount Email / Push Notification
30,1,1764.72,0,0.008694906694847312,0,15.344075742530949,No Action
592,3,1139.1,1,0.9999999999999991,1,1139.099999999999,Discount Email / Push Notification
170,4,2038.25,1,0.9940370128147475,1,2026.0959413696592,Discount Email / Push Notification
633,7,2282.28,1,1.0,1,2282.28,Discount Email / Push Notification
43,2,570.96,0,0.022530810200289738,0,12.86419139195743,No Action
22,9,3935.16,0,0.005195455521748626,0,20.444948750964322,No Action
18,12,2022.03,0,0.0043735698619280445,0,8.843489467914363,No Action
46,3,380.02,0,0.028226740033607024,0,10.72672574757134,No Action
21,30,16833.170000000002,0,0.004257457940375705,0,71.66651327819412,No Action
434,1,340.84000000000003,1,0.9999999999461362,1,340.8399999816411,Discount Email / Push Notification
414,1,877.7,1,0.9999999997770148,1,877.699999804286,Discount Email / Push Notification
238,4,1283.75,1,0.9999503497130929,1,1283.686261444183,Discount Email / Push Notification
113,1,85.13000000000001,1,0.7578610290866232,1,64.51670940614424,Discount Email / Push Notification
595,1,163.1,1,0.9999999999999993,1,163.09999999999988,Discount Email / Push Notification
53,1,351.13,0,0.0441157824590346,0,15.490374694840819,No Action
18,9,1841.54,0,0.0042144295773032855,0,7.7610406437870925,No Action
604,1,324.51,1,0.9999999999999996,1,324.5099999999998,Discount Email / Push Notification
10,7,3068.84,0,0.00224653685437136,0,6.894262160169005,No Action
11,6,953.84,0,0.0025491941213671553,0,2.4315233207248474,No Action
38,1,151.3,0,0.015967837562711827,0,2.4159338232382996,No Action
568,2,372.2,1,0.9999999999999956,1,372.19999999999834,Discount Email / Push Notification
1,33,10104.97,0,0.0013744355053238533,0,13.888629548232377,No Action
27,13,3032.26,0,0.008033333253281486,0,24.359155090595323,No Action
632,1,143.86,1,1.0,1,143.86,Discount Email / Push Notification
209,2,854.13,1,0.999615127145513,1,853.801268548797,Discount Email / Push Notification
22,4,1466.3,0,0.005251185498731044,0,7.699813296789329,No Action
389,1,321.91,1,0.9999999987363817,1,321.90999959322863,Discount Email / Push Notification
17,4,1305.33,0,0.003723761421463113,0,4.860737496278445,No Action
2,12,4910.83,0,0.0012964186084530392,0,6.366491394949438,No Action
42,10,6142.35,0,0.019612338084636367,0,120.4658448341662,No Action
2,9,2868.48,0,0.0013295467350801387,0,3.8137782186426765,No Action
35,9,2361.9700000000003,0,0.013516269569903634,0,31.92502323602529,No Action
491,11,6251.26,1,0.999999999998956,1,6251.259999993474,Personal Call + Premium Offer
110,7,2137.3,1,0.7207695415228973,1,1540.5007410968885,Discount Email / Push Notification
371,1,310.7,1,0.9999999955363497,1,310.6999986131438,Discount Email / Push Notification
393,1,70.80000000000001,1,0.9999999990534905,1,70.79999993298713,Discount Email / Push Notification
521,2,553.88,1,0.9999999999998803,1,553.8799999999337,Discount Email / Push Notification
404,1,147.35,1,0.9999999995612605,1,147.34999993535172,Discount Email / Push Notification
87,2,955.94,0,0.33242751855134933,0,317.7807620839769,No Action
63,1,295.93,0,0.08528193534969425,0,25.23748312803502,No Action
502,1,153.24,1,0.9999999999995457,1,153.2399999999304,Discount Email / Push Notification
504,1,119.5,1,0.9999999999996054,1,119.49999999995285,Discount Email / Push Notification
13,13,1922.59,0,0.003139072475507311,0,6.035149350685601,No Action
133,1,337.44,1,0.9265692667371418,1,312.66153336778115,Discount Email / Push Notification
80,1,242.35,0,0.23529998641305333,0,57.02495170720347,No Action
609,1,101.36,1,0.9999999999999998,1,101.35999999999997,Discount Email / Push Notification
571,1,237.78,1,0.9999999999999964,1,237.77999999999915,Discount Email / Push Notification
10,2,457.5,0,0.0022815669711990787,0,1.0438168893235784,No Action
459,1,158.02,1,0.9999999999907276,1,158.0199999985348,Discount Email / Push Notification
14,1,415.25,0,0.0029792709025379914,0,1.237142242278901,No Action
3,24,4925.08,0,0.0016520792514298265,0,8.13662247963201,No Action
32,2,148.44,0,0.010693730729541998,0,1.5873773894932142,No Action
280,11,9030.66,1,0.9999969395679866,1,9030.632362279033,Personal Call + Premium Offer
107,1,241.09,1,0.6714974617112222,0,161.89132304395855,No Action
423,1,141.12,1,0.9999999998842768,1,141.11999998366915,Discount Email / Push Notification
389,3,1491.4,1,0.9999999987231754,1,1491.3999980957437,Discount Email / Push Notification
16,6,662.55,0,0.003651379532060912,0,2.419221508966957,No Action
409,2,701.61,1,0.9999999996897357,1,701.6099997823155,Discount Email / Push Notification
602,2,139.85,1,0.9999999999999996,1,139.84999999999994,Discount Email / Push Notification
724,1,238.05,1,1.0,1,238.05,Discount Email / Push Notification
431,1,266.4,1,0.999999999933689,1,266.39999998233475,Discount Email / Push Notification
16,13,9240.87,0,0.0030307243702205355,0,28.00652991103984,No Action
306,3,392.45,1,0.9999995849533163,1,392.449837114929,Discount Email / Push Notification
262,1,114.56,1,0.9999907378748524,1,114.55893893094309,Discount Email / Push Notification
94,6,3100.09,1,0.4450820404343476,0,1379.7943827301167,No Action
151,3,511.28,1,0.9785538516021705,1,500.3150132471577,Discount Email / Push Notification
471,1,111.53,1,0.9999999999960096,1,111.52999999955496,Discount Email / Push Notification
428,1,833.5300000000001,1,0.9999999999165887,1,833.5299999304743,Discount Email / Push Notification
478,1,296.36,1,0.9999999999975424,1,296.3599999992717,Discount Email / Push Notification
452,3,1610.62,1,0.9999999999845461,1,1610.6199999751095,Discount Email / Push Notification
395,2,508.91,1,0.9999999991771324,1,508.9099995812345,Discount Email / Push Notification
9,11,4534.09,0,0.0021126103670392376,0,9.578765539088938,No Action
12,7,1165.89,0,0.0027538883936353473,0,3.2107309392555154,No Action
106,1,213.55,1,0.6560540577481763,0,140.10034403212305,No Action
26,13,4046.65,0,0.007244312341752441,0,29.315196537752517,No Action
74,1,349.7,0,0.1675608737300094,0,58.59603754338429,No Action
65,5,1771.45,0,0.09759794562359858,0,172.8898807749237,No Action
22,12,2343.53,0,0.005719955007693441,0,13.404886159179812,No Action
438,1,350.85,1,0.9999999999592983,1,350.8499999857198,Discount Email / Push Notification
28,3,1842.56,0,0.0077652212232552,0,14.3078860171211,No Action
18,4,561.53,0,0.004093739468201117,0,2.298757523578973,No Action
49,6,1952.17,0,0.03429221775541447,0,66.94423873558746,No Action
56,6,3481.57,0,0.05223489881158649,0,181.85945665545518,No Action
148,3,1732.47,1,0.9725925178043937,1,1684.987359320578,Discount Email / Push Notification
62,2,467.66,0,0.08060754919664849,0,37.696926457304635,No Action
333,5,1700.52,1,0.9999999365727323,1,1700.5198921406627,Discount Email / Push Notification
23,3,497.4500000000001,0,0.005732727736255518,0,2.8517454124003083,No Action
290,1,53.5,1,0.9999987027910412,1,53.499930599320706,Discount Email / Push Notification
88,9,4146.78,0,0.3467859126452079,0,1438.0448868388953,No Action
40,9,2053.71,0,0.019279412854311378,0,39.59432297302782,No Action
51,5,3469.3,0,0.03686154391396894,0,127.88375430073245,No Action
381,2,309.49,1,0.9999999978181233,1,309.489999324731,Discount Email / Push Notification
85,13,2229.34,0,0.32705743246041286,0,729.1222164812968,No Action
185,11,840.5,1,0.9981841198164344,1,838.9737527057131,Discount Email / Push Notification
325,12,77556.46,1,0.999998718286048,1,77556.36059480316,Personal Call + Premium Offer
18,1,371.2,0,0.003946038867831633,0,1.464769627739102,No Action
667,1,55.5,1,1.0,1,55.5,Discount Email / Push Notification
16,3,1138.0,0,0.003442073979302306,0,3.917080188446024,No Action
420,1,149.3,1,0.9999999998571394,1,149.2999999786709,Discount Email / Push Notification
24,1,135.86,0,0.006045349073710862,0,0.8213211251543578,No Action
50,1,298.4,0,0.036108746550631725,0,10.774849970708505,No Action
721,1,252.59,1,1.0,1,252.59,Discount Email / Push Notification
373,4,888.04,1,0.9999999962121491,1,888.0399966362369,Discount Email / Push Notification
695,1,36.25,1,1.0,1,36.25,Discount Email / Push Notification
21,4,775.46,0,0.005011576366665903,0,3.886277009294741,No Action
24,11,3466.37,0,0.006243758407007933,0,21.64317682930009,No Action
270,4,366.91,1,0.9999948957485295,1,366.908127199093,Discount Email / Push Notification
216,6,1209.2,1,0.9997749415088392,1,1208.9278592724884,Discount Email / Push Notification
258,3,729.8,1,0.9999878388036035,1,729.7911247588698,Discount Email / Push Notification
18,6,1711.73,0,0.004054182250408892,0,6.939665383492414,No Action
59,4,373.36,0,0.06833862379372456,0,25.514908579625004,No Action
63,5,1939.26,0,0.08548142470447369,0,165.77070767239763,No Action
455,6,1970.45,1,0.999999999987863,1,1970.4499999760849,Discount Email / Push Notification
509,2,227.06,1,0.9999999999997251,1,227.0599999999376,Discount Email / Push Notification
437,4,3802.04,1,0.999999999953056,1,3802.039999821517,Personal Call + Premium Offer
91,3,2257.32,1,0.3903235887306966,0,881.0852433135761,No Action
256,1,174.8,1,0.9999858638058643,1,174.7975289932651,Discount Email / Push Notification
501,1,90.42,1,0.9999999999995135,1,90.41999999995602,Discount Email / Push Notification
14,11,3759.18,0,0.0030759810661390888,0,11.56316650420874,No Action
0,3,640.76,0,0.0011422127005316432,0,0.7318842099926557,No Action
193,2,222.05,1,0.9988436460126048,1,221.7932315970989,Discount Email / Push Notification
484,1,157.7,1,0.999999999998394,1,157.69999999974672,Discount Email / Push Notification
633,1,402.98,1,1.0,1,402.98,Discount Email / Push Notification
42,1,169.48000000000002,0,0.021017323422951806,0,3.5620159737218726,No Action
176,1,302.46,1,0.99613517767023,1,301.29104583813773,Discount Email / Push Notification
13,5,1004.43,0,0.0028851514128444685,0,2.8979326336033693,No Action
5,2,511.12,0,0.001604936378844433,0,0.8203150819549666,No Action
124,2,618.73,1,0.8709012397264928,1,538.8527240559729,Discount Email / Push Notification
640,1,219.87,1,1.0,1,219.87,Discount Email / Push Notification
45,5,8514.82,0,0.02077192074422328,0,176.86916619132725,No Action
80,1,358.0,0,0.23460226573439005,0,83.98761113291164,No Action
2,3,12393.7,0,0.0008860468705978423,0,10.98139910012848,No Action
64,8,902.28,0,0.09780284211693144,0,88.2455483852649,No Action
22,4,1820.09,0,0.00518952077350644,0,9.445394864651336,No Action
455,1,129.75,1,0.9999999999877367,1,129.74999999840884,Discount Email / Push Notification
19,9,1775.68,0,0.00452917566537585,0,8.042366645494589,No Action
684,1,185.06,1,1.0,1,185.06,Discount Email / Push Notification
2,5,987.1,0,0.0013367831783198246,0,1.3195386753194989,No Action
1,73,35540.53,0,0.0010426566389940381,0,37.05656955786678,No Action
218,4,1529.8,1,0.9997964859351398,1,1529.488664183577,Discount Email / Push Notification
420,1,432.68,1,0.999999999855774,1,432.67999993759634,Discount Email / Push Notification
64,5,1370.84,0,0.09271813412653279,0,127.1017269860162,No Action
511,1,128.31,1,0.9999999999997584,1,128.309999999969,Discount Email / Push Notification
304,3,748.69,1,0.9999995167131794,1,748.6896381679903,Discount Email / Push Notification
36,6,112.32,0,0.0149512247736996,0,1.679321566581939,No Action
200,2,489.6,1,0.9992855377119937,1,489.2501992637921,Discount Email / Push Notification
73,4,492.99,0,0.1631914868682801,0,80.45177111119341,No Action
20,3,403.7000000000001,0,0.004664672926625511,0,1.883128460478719,No Action
616,1,244.31,1,0.9999999999999998,1,244.30999999999995,Discount Email / Push Notification
26,20,2783.61,0,0.008351878285794466,0,23.248371915120334,No Action
46,27,17465.85,0,0.022619769168276918,0,395.07349532774936,No Action
32,10,3967.6,0,0.010559540272367276,0,41.8960319846444,No Action
17,23,14326.11,0,0.0031657660102250482,0,45.353112096745164,No Action
59,3,620.04,0,0.06690698720908453,0,41.48500834912077,No Action
394,11,3999.89,1,0.9999999991284723,1,3999.889996513985,Personal Call + Premium Offer
34,4,1094.84,0,0.012248920142610965,0,13.410607728936187,No Action
143,6,1908.03,1,0.9628839411020789,1,1837.2114461409994,Discount Email / Push Notification
298,1,436.18,1,0.9999992502315848,1,436.1796729660127,Discount Email / Push Notification
217,1,404.4,1,0.9997804980859264,1,404.3112334259486,Discount Email / Push Notification
18,2,570.48,0,0.003976574294573718,0,2.2685561035684145,No Action
542,1,114.69,1,0.9999999999999725,1,114.68999999999684,Discount Email / Push Notification
399,1,314.59,1,0.9999999993734832,1,314.58999980290406,Discount Email / Push Notification
640,1,291.76,1,1.0,1,291.76,Discount Email / Push Notification
77,2,902.03,0,0.1983355316627554,0,178.90459962575522,No Action
372,4,1075.23,1,0.9999999959113579,1,1075.2299956037693,Discount Email / Push Notification
729,1,338.13,1,1.0,1,338.13,Discount Email / Push Notification
28,3,556.95,0,0.008104847974409088,0,4.513995079347142,No Action
77,1,259.17,0,0.19947467312446845,0,51.69785103366849,No Action
18,3,507.55,0,0.0040426250710698984,0,2.051834354821527,No Action
3,6,807.85,0,0.0014633300439015535,0,1.18215117596587,No Action
43,1,239.41,0,0.022458255793687265,0,5.376731019566668,No Action
187,4,887.9300000000001,1,0.9982511463233545,1,886.3771403548963,Discount Email / Push Notification
384,3,1586.54,1,0.9999999981811105,1,1586.539997114259,Discount Email / Push Notification
114,6,1587.94,1,0.7743114345500897,1,1229.5600993794694,Discount Email / Push Notification
575,1,63.42,1,0.9999999999999973,1,63.41999999999983,Discount Email / Push Notification
3,3,342.45,0,0.001423462222389063,0,0.48746463805713464,No Action
15,1,122.64,0,0.00322645189150874,0,0.39569205997463186,No Action
84,17,7668.58,0,0.2856704260716727,0,2190.6865159647077,No Action
491,1,122.4,1,0.9999999999990181,1,122.39999999987982,Discount Email / Push Notification
22,5,732.07,0,0.005459273898156214,0,3.9965706426232197,No Action
378,1,217.74,1,0.9999999972764735,1,217.73999940697934,Discount Email / Push Notification
183,2,333.7,1,0.9976623428750322,1,332.9199238173982,Discount Email / Push Notification
678,1,188.83,1,1.0,1,188.83,Discount Email / Push Notification
85,7,1569.36,0,0.3130413164802566,0,491.2745204314555,No Action
157,3,1000.94,1,0.9855838330936942,1,986.5102818968023,Discount Email / Push Notification
147,6,1889.34,1,0.9717233772079522,1,1835.9158454940723,Discount Email / Push Notification
74,5,2019.4,0,0.16779386928996534,0,338.84293964415605,No Action
63,15,4218.94,0,0.0909296586457269,0,383.626774046803,No Action
465,1,289.6,1,0.9999999999938856,1,289.5999999982293,Discount Email / Push Notification
580,1,160.46,1,0.999999999999998,1,160.4599999999997,Discount Email / Push Notification
470,2,742.36,1,0.9999999999956908,1,742.359999996801,Discount Email / Push Notification
623,1,175.5,1,1.0,1,175.5,Discount Email / Push Notification
55,8,4460.18,0,0.04868484757871176,0,217.14318347361865,No Action
382,1,114.52,1,0.9999999979497991,1,114.51999976521098,Discount Email / Push Notification
161,3,977.17,1,0.989080299927275,1,966.4995966799353,Discount Email / Push Notification
8,3,377.44,0,0.0020177418988322478,0,0.7615765022952435,No Action
127,2,145.07,1,0.8942816824889197,1,129.73344367866758,Discount Email / Push Notification
17,2,531.85,0,0.003713038380700566,0,1.974779462775596,No Action
17,12,3749.26,0,0.0038497263750200037,0,14.4336251088075,No Action
2,18,5127.69,0,0.001403243132809149,0,7.195395779674145,No Action
16,3,1352.0,0,0.003417523613719708,0,4.620491925749045,No Action
70,13,2383.52,0,0.14446757426303164,0,344.3413526074212,No Action
399,2,539.49,1,0.9999999993777784,1,539.4899996643177,Discount Email / Push Notification
554,2,395.1,1,0.9999999999999882,1,395.09999999999536,Discount Email / Push Notification
431,6,2037.7,1,0.999999999934525,1,2037.6999998665817,Discount Email / Push Notification
550,1,242.06,1,0.9999999999999842,1,242.0599999999962,Discount Email / Push Notification
378,1,188.46,1,0.9999999972791487,1,188.45999948722837,Discount Email / Push Notification
332,13,3330.03,1,0.9999999359735662,1,3330.029786790055,Personal Call + Premium Offer
70,2,1631.77,0,0.12874040327675937,0,210.07472785491763,No Action
113,2,445.32,1,0.7582898823357376,1,337.68165040175063,Discount Email / Push Notification
7,1,144.0,0,0.001842278687149319,0,0.26528813094950193,No Action
107,5,2889.28,1,0.6645848257164988,0,1920.1716452461658,No Action
10,15,4562.09,0,0.0023977739957963067,0,10.938860768482373,No Action
421,1,349.4,1,0.9999999998659175,1,349.39999995315156,Discount Email / Push Notification
23,14,6986.2300000000005,0,0.0054056119777644625,0,37.764848567417424,No Action
99,7,2939.55,1,0.537407711293725,0,1579.7368377334694,No Action
592,1,360.85,1,0.9999999999999991,1,360.8499999999997,Discount Email / Push Notification
403,1,516.28,1,0.9999999995235229,1,516.2799997540044,Discount Email / Push Notification
79,1,768.24,0,0.21987336279173683,0,168.9155122311239,No Action
362,2,267.15,1,0.9999999917413643,1,267.14999779370544,Discount Email / Push Notification
406,5,3419.27,1,0.999999999598282,1,3419.269998626418,Personal Call + Premium Offer
69,1,618.59,0,0.12317568844621539,0,76.19524911594438,No Action
442,5,927.61,1,0.9999999999704112,1,927.6099999725532,Discount Email / Push Notification
395,1,75.0,1,0.9999999991772441,1,74.99999993829331,Discount Email / Push Notification
154,2,187.29,1,0.9824909171707948,1,184.01072387691815,Discount Email / Push Notification
677,1,579.6,1,1.0,1,579.6,Discount Email / Push Notification
572,1,611.08,1,0.9999999999999967,1,611.079999999998,Discount Email / Push Notification
66,4,999.45,0,0.10502579414348777,0,104.96802995670886,No Action
325,1,440.0,1,0.9999998871174985,1,439.9999503316994,Discount Email / Push Notification
11,3,1261.78,0,0.002416431132048476,0,3.049004473796126,No Action
81,5,735.51,0,0.25591068671193434,0,188.22486918349483,No Action
31,2,714.9599999999999,0,0.009790615261939993,0,6.999898287676617,No Action
272,2,312.46,1,0.9999954422023123,1,312.4585758705345,Discount Email / Push Notification
92,15,1951.82,1,0.4520391722466242,0,882.299097174406,No Action
8,7,5394.07,0,0.0018067409323959294,0,9.74568706120891,No Action
266,4,1131.04,1,0.9999930673350359,1,1131.032158878619,Discount Email / Push Notification
8,14,4255.03,0,0.002076074708818564,0,8.833760168264254,No Action
79,2,701.23,0,0.22274727602980474,0,156.19707237037997,No Action
430,2,624.4300000000001,1,0.9999999999290428,1,624.4299999556922,Discount Email / Push Notification
494,1,190.35,1,0.9999999999992026,1,190.34999999984822,Discount Email / Push Notification
7,27,14499.49,0,0.0016561349845008427,0,24.013112646420122,No Action
301,1,302.7,1,0.9999993952044474,1,302.6998169283862,Discount Email / Push Notification
226,6,1921.76,1,0.9998856717193269,1,1921.5402884833336,Discount Email / Push Notification
279,1,164.4,1,0.9999971838230789,1,164.39953702051417,Discount Email / Push Notification
540,1,114.85,1,0.9999999999999685,1,114.84999999999637,Discount Email / Push Notification
332,13,4905.05,1,0.9999999324978478,1,4905.049668898569,Personal Call + Premium Offer
23,4,781.28,0,0.0057607323176243385,0,4.500744945113543,No Action
29,1,91.68,0,0.008575250117007832,0,0.7861789307272781,No Action
50,5,1623.64,0,0.0365720811724491,0,59.37989387483527,No Action
63,4,470.16,0,0.08824792076677687,0,41.49064242770782,No Action
65,1,111.68,0,0.09742169871829254,0,10.88005531285891,No Action
599,1,1047.0,1,0.9999999999999996,1,1046.9999999999995,Discount Email / Push Notification
4,5,1257.68,0,0.001523880039278412,0,1.9165534477996733,No Action
16,6,2634.44,0,0.003418339964671115,0,9.005411536528172,No Action
18,13,4183.56,0,0.004127638111097615,0,17.268221696063538,No Action
30,10,2566.49,0,0.009628562716098129,0,24.711609925238683,No Action
409,2,152.35,1,0.999999999695403,1,152.34999995359465,Discount Email / Push Notification
36,5,949.12,0,0.014337836555949977,0,13.608327431983241,No Action
35,4,757.71,0,0.013274509018592976,0,10.058228228478084,No Action
21,7,957.53,0,0.005200386001850229,0,4.97952560835165,No Action
672,1,104.7,1,1.0,1,104.7,Discount Email / Push Notification
79,4,2369.55,0,0.2180839517678758,0,516.7608279115701,No Action
40,11,1894.34,0,0.019936886884665845,0,37.767242301097895,No Action
14,14,3902.01,0,0.003196295123726719,0,12.471975535732895,No Action
28,2,1565.63,0,0.007725772393725721,0,12.095701032788801,No Action
27,2,659.46,0,0.007427176328143361,0,4.897925701357421,No Action
365,3,793.06,1,0.9999999932867094,1,793.0599946759577,Discount Email / Push Notification
405,3,362.42,1,0.9999999995997306,1,362.4199998549344,Discount Email / Push Notification
732,1,163.77,1,1.0,1,163.77,Discount Email / Push Notification
70,2,948.88,0,0.13133323842721942,0,124.61948327881996,No Action
370,4,2694.56,1,0.9999999950329492,1,2694.5599866159837,Discount Email / Push Notification
39,3,942.08,0,0.01714699185475157,0,16.15383808652436,No Action
93,2,826.88,1,0.4323900380981429,0,357.5346747025924,No Action
29,1,101.7,0,0.008572391394522772,0,0.871812204822966,No Action
649,1,368.4,1,1.0,1,368.4,Discount Email / Push Notification
95,11,4691.79,1,0.46711872477884986,0,2191.62296173016,No Action
58,10,3805.34,0,0.062312810818923606,0,237.12143152168275,No Action
287,3,702.0,1,0.9999984103412806,1,701.9988840595789,Discount Email / Push Notification
182,1,105.84,1,0.9974759278683171,1,105.57285220558268,Discount Email / Push Notification
204,5,1118.99,1,0.9994720333554403,1,1118.3992106044043,Discount Email / Push Notification
62,5,1631.36,0,0.080921220159997,0,132.0116417202127,No Action
233,4,2424.87,1,0.999926745669478,1,2424.692367771547,Discount Email / Push Notification
190,4,935.1,1,0.9985802520094711,1,933.7723936540565,Discount Email / Push Notification
10,6,586.0,0,0.002406407945782931,0,1.4101550562287974,No Action
60,1,202.65,0,0.07044220539674342,0,14.275112923650056,No Action
80,1,75.75,0,0.2363076130687952,0,17.900301689961235,No Action
94,3,330.59,1,0.4573811372060441,0,151.2056301489461,No Action
436,1,33.099999999999994,1,0.9999999999536664,1,33.09999999846635,Discount Email / Push Notification
281,5,623.46,1,0.999997653757584,1,623.4585372117034,Discount Email / Push Notification
296,5,916.01,1,0.999999172490109,1,916.0092419926647,Discount Email / Push Notification
30,1,2328.84,0,0.008533218198130348,0,19.87249986853388,No Action
310,1,35.8,1,0.9999996811404599,1,35.79998858482846,Discount Email / Push Notification
172,5,630.3,1,0.9951220929539822,1,627.225455188895,Discount Email / Push Notification
7,16,3230.51,0,0.0020618505614928284,0,6.660828857408197,No Action
50,3,174.8,0,0.03727519488557961,0,6.515704065999316,No Action
76,5,2294.68,0,0.18689387933752932,0,428.86164703824176,No Action
153,11,2998.952,1,0.9818847441552699,1,2944.6252172539353,Discount Email / Push Notification
23,3,684.59,0,0.0056970372091757196,0,3.900134703029606,No Action
283,2,362.99,1,0.9999978891443346,1,362.98923378050205,Discount Email / Push Notification
685,1,181.39,1,1.0,1,181.39,Discount Email / Push Notification
4,2,644.95,0,0.0014897024141957386,0,0.9607835720355417,No Action
32,4,735.17,0,0.0107911007384337,0,7.933293529874303,No Action
11,25,7197.04,0,0.002718794416402995,0,19.56727216662901,No Action
9,29,9502.26,0,0.0023179122611363843,0,22.02540496250582,No Action
74,1,181.09,0,0.16835172458132378,0,30.48681380443192,No Action
156,4,946.38,1,0.9847980293678587,1,931.993159033154,Discount Email / Push Notification
385,1,285.11,1,0.9999999983292553,1,285.109999523654,Discount Email / Push Notification
330,1,250.0,1,0.9999999210105908,1,249.9999802526477,Discount Email / Push Notification
631,1,724.89,1,1.0,1,724.89,Discount Email / Push Notification
368,5,3647.53,1,0.9999999941838045,1,3647.5299787852528,Personal Call + Premium Offer
23,4,906.24,0,0.005736760047105011,0,5.198881425088445,No Action
116,4,588.13,1,0.7986346584683143,1,469.7010016849697,Discount Email / Push Notification
42,10,4395.59,0,0.02077194018403918,0,91.30493255356077,No Action
330,5,492.88,1,0.999999924829792,1,492.8799629501079,Discount Email / Push Notification
433,1,834.4399999999999,1,0.9999999999412579,1,834.4399999509832,Discount Email / Push Notification
623,1,46.2,1,1.0,1,46.2,Discount Email / Push Notification
59,12,3308.77,0,0.06942239536842656,0,229.70273912318876,No Action
15,3,812.9300000000001,0,0.0032447923366811775,0,2.6377890342582297,No Action
11,38,8752.38,0,0.0031116451077675042,0,27.234300408322145,No Action
88,10,5071.03,0,0.34303667185048137,0,1739.5492540539465,No Action
246,1,206.21,1,0.999971466137208,1,206.20411603215368,Discount Email / Push Notification
385,1,65.34,1,0.999999998341534,1,65.33999989163583,Discount Email / Push Notification
17,6,1460.87,0,0.0038124808441182476,0,5.569538890747024,No Action
222,3,1725.01,1,0.9998430015401725,1,1724.739176086813,Discount Email / Push Notification
111,9,734.8100000000001,1,0.7491983551752854,1,550.5184433663516,Discount Email / Push Notification
73,11,5232.2300000000005,0,0.1554153854393514,0,813.1690421573377,No Action
26,1,107.95,0,0.006955775045321097,0,0.7508759161424124,No Action
10,4,665.59,0,0.0023318994154864613,0,1.552088931953634,No Action
564,2,218.53,1,0.9999999999999942,1,218.52999999999875,Discount Email / Push Notification
450,1,426.53,1,0.9999999999824116,1,426.529999992498,Discount Email / Push Notification
76,3,3279.42,0,0.17766800503628313,0,582.6480090760876,No Action
78,5,2634.26,0,0.2072707927239112,0,546.0051584408903,No Action
239,4,904.18,1,0.9999542982299335,1,904.1386773735412,Discount Email / Push Notification
320,5,1410.18,1,0.9999998436876725,1,1410.179779571482,Discount Email / Push Notification
18,14,4667.57,0,0.004120173959180095,0,19.231200366650235,No Action
112,2,612.06,1,0.7441400180870427,1,455.45833947035527,Discount Email / Push Notification
3,2,249.72,0,0.0014074686082743745,0,0.3514730608582768,No Action
76,1,454.11,0,0.1875124844967679,0,85.15129433482728,No Action
562,3,434.6,1,0.9999999999999933,1,434.5999999999971,Discount Email / Push Notification
9,7,3760.29,0,0.002046745863751691,0,7.6963580040068456,No Action
238,1,30.6,1,0.9999502889694547,1,30.598478842465315,Discount Email / Push Notification
401,1,252.68,1,0.9999999994566058,1,252.67999986269515,Discount Email / Push Notification
67,2,570.13,0,0.11037627205221588,0,62.92882398512984,No Action
504,2,256.85,1,0.9999999999996094,1,256.8499999998997,Discount Email / Push Notification
394,1,197.31,1,0.9999999991138415,1,197.30999982515206,Discount Email / Push Notification
44,15,2867.41,0,0.026870997748451263,0,77.05016765388663,No Action
466,3,632.39,1,0.9999999999943976,1,632.389999996457,Discount Email / Push Notification
49,7,1522.08,0,0.03526101034333336,0,53.67007862338083,No Action
392,5,1827.77,1,0.9999999989834478,1,1827.7699981419764,Discount Email / Push Notification
38,107,122209.14,0,0.0012436542963577676,0,151.98592201518792,No Action
623,8,1702.34,1,1.0,1,1702.34,Discount Email / Push Notification
0,70,38259.6,0,0.0008498363768565933,0,32.51439984398252,No Action
427,4,1083.69,1,0.9999999999135964,1,1083.6899999063653,Discount Email / Push Notification
72,10,5879.95,0,0.14196767749716052,0,834.7628452994289,No Action
432,1,492.1,1,0.99999999993771,1,492.09999996934715,Discount Email / Push Notification
21,12,3712.01,0,0.005096354040249116,0,18.91771716094512,No Action
10,11,3349.57,0,0.002357418430921883,0,7.896338053663011,No Action
84,1,2033.1,0,0.2772384827735123,0,563.6535593268279,No Action
700,1,140.22000000000003,1,1.0,1,140.22000000000003,Discount Email / Push Notification
39,1,197.71,0,0.01708186601978744,0,3.377255730772175,No Action
49,4,1263.52,0,0.03410258007516638,0,43.08929197657422,No Action
12,5,924.32,0,0.0026974935471591314,0,2.4933472355101283,No Action
732,1,147.4,1,1.0,1,147.4,Discount Email / Push Notification
405,1,334.62,1,0.9999999995883968,1,334.61999986226937,Discount Email / Push Notification
65,30,6588.41,0,0.1165837686986218,0,768.1016675316869,No Action
148,2,673.1,1,0.97315014127533,1,655.0273600924246,Discount Email / Push Notification
522,2,3070.54,1,0.9999999999998785,1,3070.539999999627,Personal Call + Premium Offer
14,10,1596.29,0,0.003259606672577979,0,5.2032775353695015,No Action
198,5,1143.27,1,0.9991953888217208,1,1142.3501121782087,Discount Email / Push Notification
240,2,208.28,1,0.9999571585120135,1,208.27107697488216,Discount Email / Push Notification
16,4,1614.91,0,0.0034366613322341037,0,5.549898752038176,No Action
668,1,29.1,1,1.0,1,29.1,Discount Email / Push Notification
18,2,613.6899999999999,0,0.003970834186982931,0,2.4368612322095546,No Action
575,2,209.57,1,0.9999999999999973,1,209.56999999999942,Discount Email / Push Notification
33,8,3539.3,0,0.011157109141326647,0,39.488356383897404,No Action
123,7,1590.73,1,0.8674196614138973,1,1379.830478000929,Discount Email / Push Notification
36,1,364.22,0,0.013809523399081055,0,5.029704612413302,No Action
436,6,2100.09,1,0.9999999999537941,1,2100.0899999029634,Discount Email / Push Notification
419,1,90.0,1,0.9999999998470652,1,89.99999998623586,Discount Email / Push Notification
501,3,1324.06,1,0.9999999999995075,1,1324.0599999993478,Discount Email / Push Notification
21,1,149.29,0,0.004901760261187826,0,0.7317837893927306,No Action
17,2,304.47,0,0.0037413771868103495,0,1.1391371120681473,No Action
311,7,2668.23,1,0.9999997022044164,1,2668.2292054128898,Discount Email / Push Notification
51,2,924.6,0,0.03838667896491633,0,35.492323370961635,No Action
211,1,612.78,1,0.999663356090505,1,612.5737113451397,Discount Email / Push Notification
0,37,18625.73,0,0.0010201903072916299,0,19.00178921223093,No Action
69,4,1917.99,0,0.12314009739411616,0,236.18147540094085,No Action
335,1,334.93,1,0.9999999442148477,1,334.92998131587893,Discount Email / Push Notification
584,1,405.1,1,0.9999999999999984,1,405.0999999999994,Discount Email / Push Notification
98,3,808.9200000000001,1,0.5233781076041782,0,423.3710188031719,No Action
18,9,1601.14,0,0.004248427081719775,0,6.8023265376248006,No Action
269,1,343.62,1,0.9999942872192981,1,343.6180369742952,Discount Email / Push Notification
32,5,1115.68,0,0.010808796283828755,0,12.059157837942065,No Action
554,1,93.6,1,0.9999999999999882,1,93.59999999999889,Discount Email / Push Notification
599,1,150.0,1,0.9999999999999996,1,149.99999999999994,Discount Email / Push Notification
455,1,134.0,1,0.9999999999877349,1,133.9999999983565,Discount Email / Push Notification
63,1,287.40000000000003,0,0.08530427181239272,0,24.516447718881672,No Action
379,1,151.49,1,0.9999999974665739,1,151.4899996162113,Discount Email / Push Notification
22,7,2572.25,0,0.005283478627950014,0,13.590427900744425,No Action
178,4,280.73,1,0.9967835080878467,1,279.8270342255012,Discount Email / Push Notification
70,1,243.56,0,0.13239160308053796,0,32.245298846295825,No Action
3,1,168.9,0,0.0013910990236650057,0,0.23495662509701948,No Action
676,1,106.68,1,1.0,1,106.68,Discount Email / Push Notification
407,1,175.53,1,0.9999999996441684,1,175.52999993754088,Discount Email / Push Notification
42,2,657.3,0,0.020977334074676994,0,13.788401687285187,No Action
58,12,5745.2,0,0.06022783622747177,0,346.0209646940708,No Action
395,1,212.78,1,0.9999999991734307,1,212.7799998241226,Discount Email / Push Notification
410,3,1015.74,1,0.9999999997118709,1,1015.7399997073358,Discount Email / Push Notification
67,1,1064.28,0,0.10736758089578706,0,114.26916899576825,No Action
128,11,6103.74,1,0.8942803257013513,1,5458.4545951963655,Personal Call + Premium Offer
28,5,1593.09,0,0.008057384153539064,0,12.836138121161547,No Action
21,6,1819.02,0,0.004980902025164505,0,9.060360401814737,No Action
507,1,97.5,1,0.9999999999996807,1,97.49999999996886,Discount Email / Push Notification
375,2,566.9,1,0.9999999966478132,1,566.8999980996454,Discount Email / Push Notification
71,4,1151.15,0,0.14221372913590155,0,163.70933429479308,No Action
56,1,1090.14,0,0.05263869181226109,0,57.383543492218315,No Action
4,4,753.28,0,0.0015276914699513902,0,1.1507794304849832,No Action
44,18,4467.32,0,0.02659997368422864,0,118.83059443902829,No Action
675,1,176.10000000000002,1,1.0,1,176.10000000000002,Discount Email / Push Notification
178,5,2061.4700000000003,1,0.9966348161258235,1,2054.5327743989014,Discount Email / Push Notification
332,1,234.0,1,0.9999999313847971,1,233.99998394404253,Discount Email / Push Notification
373,1,134.59,1,0.9999999961433716,1,134.5899994809364,Discount Email / Push Notification
28,15,4480.31,0,0.008444955828252174,0,37.8360200468765,No Action
133,14,3437.29,1,0.9320531350651124,1,3203.7369206279604,Personal Call + Premium Offer
551,1,1680.47,1,0.9999999999999847,1,1680.4699999999743,Discount Email / Push Notification
569,1,348.59,1,0.9999999999999958,1,348.5899999999985,Discount Email / Push Notification
212,3,642.81,1,0.9996947661018138,1,642.6137925979069,Discount Email / Push Notification
3,4,2780.15,0,0.0013308187819402978,0,3.699875836611319,No Action
389,2,474.54,1,0.999999998748085,1,474.53999940591626,Discount Email / Push Notification
226,2,632.07,1,0.9998840108888577,1,631.9966867625203,Discount Email / Push Notification
87,1,1267.32,0,0.3269296452146557,0,414.3244779734374,No Action
410,2,286.29,1,0.9999999997147535,1,286.2899999183368,Discount Email / Push Notification
422,1,351.01,1,0.999999999874992,1,351.0099999561209,Discount Email / Push Notification
15,8,1713.85,0,0.0033831687371926357,0,5.798243740237599,No Action
35,13,4275.22,0,0.013429809190210478,0,57.415388846171645,No Action
24,58,57412.77,0,0.002020378990720488,0,115.99555430706751,No Action
0,8,3628.5,0,0.0011105528397507853,0,4.029640979035724,No Action
11,2,302.1,0,0.0024596795043021168,0,0.7430691782496696,No Action
8,1,353.27,0,0.0019620516294432113,0,0.6931339791334032,No Action
38,8,1296.49,0,0.016981139662154657,0,22.015877760586893,No Action
3,26,6729.400000000001,0,0.0016006054596464554,0,10.771114380144859,No Action
91,9,1608.9299999999998,1,0.41638680932624933,0,669.9372291292823,No Action
233,2,218.0,1,0.9999299838932075,1,217.98473648871925,Discount Email / Push Notification
60,8,2657.76,0,0.0716693299178273,0,190.4798782824047,No Action
234,2,280.55,1,0.999934588505435,1,280.53164880519984,Discount Email / Push Notification
679,3,1676.57,1,1.0,1,1676.57,Discount Email / Push Notification
532,1,582.17,1,0.9999999999999438,1,582.1699999999672,Discount Email / Push Notification
12,13,1793.72,0,0.0029397405588399476,0,5.27307143520239,No Action
641,1,635.9,1,1.0,1,635.9,Discount Email / Push Notification
22,9,3199.95,0,0.005324564173822407,0,17.03833912802301,No Action
22,8,2419.61,0,0.005387229528792178,0,13.034994440160842,No Action
538,2,243.9,1,0.999999999999964,1,243.89999999999122,Discount Email / Push Notification
372,1,975.5,1,0.9999999957447705,1,975.4999958490237,Discount Email / Push Notification
15,14,13993.47,0,0.0024453061426945835,0,34.218318148612376,No Action
283,1,109.95,1,0.9999978765797456,1,109.94976652994303,Discount Email / Push Notification
211,5,1299.49,1,0.9996748212747918,1,1299.0674334983792,Discount Email / Push Notification
180,2,201.14,1,0.997129289595542,1,200.5625853092473,Discount Email / Push Notification
141,3,1695.97,1,0.9560372822177174,1,1621.4105495227823,Discount Email / Push Notification
53,6,1442.32,0,0.04563787996291734,0,65.82442702811494,No Action
190,3,582.88,1,0.9985765527513195,1,582.0503010676891,Discount Email / Push Notification
257,6,1428.63,1,0.9999872114121628,1,1428.6117298397583,Discount Email / Push Notification
24,11,2843.09,0,0.006374909487887153,0,18.124441415917087,No Action
85,1,494.25,0,0.30228921438250506,0,149.40644420855313,No Action
13,36,12499.71,0,0.0030673961966927532,0,38.341562913762374,No Action
129,1,406.09,1,0.9048501905208233,1,367.4506138686011,Discount Email / Push Notification
193,1,207.15,1,0.9988274471307432,1,206.90710567313346,Discount Email / Push Notification
649,2,271.29,1,1.0,1,271.29,Discount Email / Push Notification
27,1,413.75,0,0.00738175015088897,0,3.0541991249303115,No Action
242,1,239.49,1,0.9999621842922628,1,239.480943516154,Discount Email / Push Notification
118,4,570.5,1,0.8203376977041951,1,468.00265654024327,Discount Email / Push Notification
51,3,1049.15,0,0.03876673461609178,0,40.67211962247269,No Action
69,7,3772.99,0,0.12110557701069513,0,456.9301310055826,No Action
42,10,3883.13,0,0.021124696013775455,0,82.02994083197189,No Action
59,4,1052.87,0,0.06690076453041226,0,70.43780795113514,No Action
9,3,774.9000000000001,0,0.0021353962392083037,0,1.6547185457625146,No Action
401,1,508.39,1,0.999999999451922,1,508.3899997213626,Discount Email / Push Notification
301,2,167.25,1,0.9999994065715825,1,167.24990074909718,Discount Email / Push Notification
30,9,2216.87,0,0.009602915069220317,0,21.288414329502444,No Action
425,1,295.05,1,0.9999999998989004,1,295.0499999701706,Discount Email / Push Notification
317,2,425.56,1,0.9999998051001893,1,425.55991705843655,Discount Email / Push Notification
33,2,2225.37,0,0.010698195327307713,0,23.807442935530762,No Action
35,11,5258.1,0,0.012634587420530878,0,66.43392411589342,No Action
71,3,1158.8,0,0.14043178227897402,0,162.73234930487507,No Action
3,10,2765.84,0,0.0014516774787796947,0,4.015107637908031,No Action
35,12,5709.04,0,0.012625764230414458,0,72.08099302200536,No Action
2,11,5356.2300000000005,0,0.0012589350058818277,0,6.743145446554422,No Action
373,2,1509.04,1,0.9999999960191426,1,1509.039993992727,Discount Email / Push Notification
16,19,12001.84,0,0.0030123422111690903,0,36.153649243697636,No Action
81,7,1448.8,0,0.2568476758280524,0,372.1209127396823,No Action
10,18,6349.59,0,0.002358129070761444,0,14.973152766416158,No Action
18,6,1006.53,0,0.004150882685898614,0,4.177987949837531,No Action
75,3,1080.76,0,0.17820392375318733,0,192.59567263549474,No Action
39,5,2362.91,0,0.01683247088761665,0,39.77361378505825,No Action
382,1,383.97,1,0.9999999979311736,1,383.96999920563275,Discount Email / Push Notification
73,2,381.9,0,0.1597891451343656,0,61.02347452681422,No Action
389,1,75.6,1,0.9999999987467851,1,75.59999990525695,Discount Email / Push Notification
121,3,645.74,1,0.8471056222548342,1,547.0099845148367,Discount Email / Push Notification
164,3,510.7,1,0.9912703103056163,1,506.24174747307825,Discount Email / Push Notification
31,2,746.36,0,0.009780403238195602,0,7.29970176085967,No Action
15,8,3901.11,0,0.003144452478462756,0,12.266855008255842,No Action
65,3,383.95,0,0.09916924264197839,0,38.0760307123876,No Action
18,6,1058.72,0,0.004143648100744551,0,4.386963117220271,No Action
172,23,9962.11,1,0.9948553383198662,1,9910.858314429723,Personal Call + Premium Offer
31,11,1563.64,0,0.010823771162601104,0,16.92448154068959,No Action
449,1,55.98,1,0.9999999999813671,1,55.97999999895693,Discount Email / Push Notification
29,5,1278.06,0,0.008728703469656561,0,11.155806756429264,No Action
384,3,890.81,1,0.9999999982230918,1,890.8099984171124,Discount Email / Push Notification
234,3,44534.3,1,0.9997153189428704,1,44521.62192839747,Personal Call + Premium Offer
261,1,77.3,1,0.9999900774137161,1,77.29923298408026,Discount Email / Push Notification
420,1,160.65,1,0.9999999998570848,1,160.64999997704066,Discount Email / Push Notification
71,7,604.5500000000001,0,0.14989880775218156,0,90.62132422658138,No Action
8,25,7812.39,0,0.00215912319707238,0,16.86791247357629,No Action
4,9,4475.2300000000005,0,0.001449259041424334,0,6.485767539953423,No Action
721,1,424.3,1,1.0,1,424.3,Discount Email / Push Notification
53,6,4422.76,0,0.041473615902706845,0,183.42784946985574,No Action
408,1,259.09,1,0.9999999996673368,1,259.08999991381023,Discount Email / Push Notification
11,3,484.2,0,0.002480167904912667,0,1.2008972995587133,No Action
366,3,988.44,1,0.9999999937002146,1,988.4399937730402,Discount Email / Push Notification
476,1,126.05,1,0.9999999999971885,1,126.0499999996456,Discount Email / Push Notification
10,18,6500.52,0,0.002346241505003639,0,15.251789828106256,No Action
425,4,1056.42,1,0.999999999900677,1,1056.4199998950733,Discount Email / Push Notification
31,7,1960.46,0,0.010089120622300923,0,19.77931741519607,No Action
380,1,359.69,1,0.999999997621597,1,359.6899991445122,Discount Email / Push Notification
67,7,2247.72,0,0.11194052027464364,0,251.61094623172198,No Action
7,7,3509.51,0,0.0017943780132156717,0,6.297387581160533,No Action
483,2,481.88,1,0.9999999999982834,1,481.8799999991728,Discount Email / Push Notification
274,2,618.63,1,0.9999959977622571,1,618.6275240956651,Discount Email / Push Notification
79,6,13925.93,0,0.1630255658794704,0,2270.2826186478933,No Action
19,32,12655.65,0,0.004381335057923391,0,55.44864302580816,No Action
58,7,2245.9,0,0.0628441411449495,0,141.1416565974421,No Action
10,10,5679.53,0,0.002149308171902452,0,12.207060241565133,No Action
385,1,127.0,1,0.999999998338098,1,126.99999978893845,Discount Email / Push Notification
22,19,13370.86,0,0.004376229810324212,0,58.5139561216716,No Action
11,16,5703.52,0,0.002510986593005013,0,14.321462252935952,No Action
31,6,946.94,0,0.010286659618179752,0,9.740849458839135,No Action
182,3,270.79,1,0.9975339623894606,1,270.12222167544206,Discount Email / Push Notification
0,5,1241.31,0,0.0011521803190536186,0,1.4302129518444473,No Action
133,2,529.73,1,0.9271099466139714,1,491.1179520198191,Discount Email / Push Notification
415,6,1133.63,1,0.9999999998049167,1,1133.6299997788478,Discount Email / Push Notification
1,2,982.38,0,0.0011938140906130397,0,1.172779086336438,No Action
468,9,2016.71,1,0.9999999999953222,1,2016.7099999905663,Discount Email / Push Notification
368,10,4668.28,1,0.9999999943999918,1,4668.279973857593,Personal Call + Premium Offer
175,5,1776.0,1,0.9958894903064492,1,1768.699734784254,Discount Email / Push Notification
31,2,733.46,0,0.00978459734676054,0,7.176610769954985,No Action
31,3,930.1,0,0.009860730837728387,0,9.171465752171173,No Action
22,19,5955.21,0,0.005606059364256673,0,33.38526078661498,No Action
3,11,1407.26,0,0.0015413468152298533,0,2.1690757192003636,No Action
50,6,3151.4,0,0.03529564554204703,0,111.23069736120702,No Action
164,2,1327.16,1,0.9909007857764579,1,1315.083886851084,Discount Email / Push Notification
7,19,5517.07,0,0.001994133203431802,0,11.001772472657493,No Action
430,1,89.65,1,0.9999999999292923,1,89.64999999366107,Discount Email / Push Notification
478,3,961.9,1,0.9999999999975584,1,961.8999999976514,Discount Email / Push Notification
564,1,10877.18,1,0.9999999999999916,1,10877.17999999991,Personal Call + Premium Offer
86,1,117.35,0,0.32002890420731817,0,37.55539190872879,No Action
75,4,1424.29,0,0.17862865899499944,0,254.41901271998773,No Action
161,3,845.5500000000001,1,0.9891279096467696,1,836.3571040018261,Discount Email / Push Notification
19,1,255.4,0,0.0042479101911041366,0,1.0849162628079965,No Action
21,5,856.03,0,0.005070375482039009,0,4.340393523889852,No Action
273,1,121.17000000000002,1,0.9999957167340736,1,121.16948099666772,Discount Email / Push Notification
300,3,419.92,1,0.9999993672339731,1,419.91973428888997,Discount Email / Push Notification
136,1,200.47,1,0.9399211112960767,1,188.42598518152448,Discount Email / Push Notification
119,1,252.1,1,0.8258033776306886,1,208.1850315006966,Discount Email / Push Notification
269,3,341.7,1,0.9999944500648682,1,341.69810358716546,Discount Email / Push Notification
64,7,2416.9,0,0.09219335638197557,0,222.82212303959676,No Action
31,1,777.6,0,0.009631651510646735,0,7.489572214678901,No Action
98,3,1019.76,1,0.5216125492105224,0,531.9196131829223,No Action
684,1,326.55,1,1.0,1,326.55,Discount Email / Push Notification
21,8,2110.91,0,0.00507625428030744,0,10.715515922843778,No Action
111,7,699.4,1,0.7439639879480391,1,520.3284131708585,Discount Email / Push Notification
404,2,402.5,1,0.9999999995638258,1,402.4999998244399,Discount Email / Push Notification
79,6,2446.41,0,0.22259774320079623,0,544.5653449438598,No Action
382,1,439.33,1,0.999999997927326,1,439.3299990894121,Discount Email / Push Notification
150,3,2744.03,1,0.9752883923238325,1,2676.220607188366,Discount Email / Push Notification
144,1,417.38,1,0.9645626260363978,1,402.5891488550717,Discount Email / Push Notification
631,5,34095.26,1,0.9999999999999998,1,34095.259999999995,Personal Call + Premium Offer
365,2,1029.66,1,0.9999999931348487,1,1029.6599929312283,Discount Email / Push Notification
421,1,302.04,1,0.9999999998661304,1,302.03999995956605,Discount Email / Push Notification
150,5,397.98,1,0.9777531664649313,1,389.12620518971335,Discount Email / Push Notification
275,7,3747.84,1,0.9999961440715842,1,3747.8255485972463,Personal Call + Premium Offer
3,2,439.43,0,0.001398547707471253,0,0.6145638190940927,No Action
57,2,641.4,0,0.05783377670280281,0,37.094584377177725,No Action
18,1,43.2,0,0.003989546088327348,0,0.17234839101574145,No Action
160,3,928.1,1,0.9883153136228949,1,917.2554425734088,Discount Email / Push Notification
55,13,6274.56,0,0.04920812777071601,0,308.75935018502383,No Action
372,1,715.9,1,0.9999999957816859,1,715.8999969801089,Discount Email / Push Notification
336,9,1708.97,1,0.999999951475309,1,1708.9699170727588,Discount Email / Push Notification
142,1,451.42,1,0.9593985415302425,1,433.09168961758206,Discount Email / Push Notification
92,2,128.5,1,0.4209688160005102,0,54.094492856065564,No Action
14,3,2653.76,0,0.0028449232800068234,0,7.549743603550908,No Action
416,2,924.11,1,0.999999999808675,1,924.1099998231947,Discount Email / Push Notification
22,5,1943.51,0,0.005242890483359703,0,10.189610083314417,No Action
372,8,2470.39,1,0.9999999959556176,1,2470.389990008798,Discount Email / Push Notification
422,7,1295.25,1,0.9999999998816669,1,1295.249999846729,Discount Email / Push Notification
127,2,1516.0,1,0.8898518963878563,1,1349.0154749239903,Discount Email / Push Notification
7,8,3140.54,0,0.001843049187633525,0,5.78816969573059,No Action
50,12,10342.83,0,0.030387452573425126,0,314.2922560999986,No Action
729,1,347.54,1,1.0,1,347.54,Discount Email / Push Notification
371,1,79.5,1,0.9999999955708532,1,79.49999964788283,Discount Email / Push Notification
137,12,3914.95,1,0.9455406187892138,1,3701.7442455288324,Personal Call + Premium Offer
672,2,356.95,1,1.0,1,356.95,Discount Email / Push Notification
28,3,280.54,0,0.008179771324586613,0,2.294753047399529,No Action
7,13,6638.7300000000005,0,0.0017616119613737362,0,11.694866176330665,No Action
38,8,2043.43,0,0.016567679179770513,0,33.85489266631846,No Action
200,1,180.94,1,0.9992826275038922,1,180.81019862055425,Discount Email / Push Notification
80,3,429.16,0,0.239388122012263,0,102.7358064427828,No Action
85,4,1332.79,0,0.3054916223866304,0,407.15617940067716,No Action
35,2,378.2,0,0.013065043363857408,0,4.941199400210872,No Action
460,2,256.04,1,0.9999999999914513,1,256.0399999978112,Discount Email / Push Notification
11,8,3536.7000000000003,0,0.0024062887938627073,0,8.510321577254237,No Action
15,15,16184.97,0,0.002305237306430227,0,37.31019664745403,No Action
260,3,791.38,1,0.9999894084551055,1,791.3716180632014,Discount Email / Push Notification
72,13,6948.2300000000005,0,0.1428748702404596,0,992.7274596508688,No Action
730,1,312.9,1,1.0,1,312.9,Discount Email / Push Notification
392,2,548.8000000000001,1,0.9999999989830857,1,548.7999994419175,Discount Email / Push Notification
277,5,772.66,1,0.9999968783949793,1,772.6575880606647,Discount Email / Push Notification
46,1,110.21,0,0.027688681828089087,0,3.0515696242736983,No Action
561,2,193.15,1,0.9999999999999929,1,193.14999999999864,Discount Email / Push Notification
23,6,1505.85,0,0.00578677161830937,0,8.714010041431164,No Action
4,5,1360.28,0,0.0015186493365888939,0,2.0657883195751405,No Action
22,6,3364.59,0,0.005072204606850765,0,17.065888898164015,No Action
17,5,8756.64,0,0.0029442401391428195,0,25.781650972023577,No Action
0,28,8891.7,0,0.0012418818769941188,0,11.042441085668607,No Action
445,2,308.14,1,0.9999999999754801,1,308.1399999924444,Discount Email / Push Notification
46,7,2422.4300000000003,0,0.02793091371160789,0,67.6606833024103,No Action
668,2,467.79,1,1.0,1,467.79,Discount Email / Push Notification
736,1,82.60000000000001,1,1.0,1,82.60000000000001,Discount Email / Push Notification
644,1,367.15,1,1.0,1,367.15,Discount Email / Push Notification
8,9,2993.1,0,0.002015276580113678,0,6.031924331938249,No Action
14,1,1060.25,0,0.002915653100691398,0,3.0913212000080548,No Action
200,3,310.85,1,0.9992999740066456,1,310.6323969199658,Discount Email / Push Notification
368,1,152.64,1,0.9999999945202702,1,152.63999916357403,Discount Email / Push Notification
561,4,496.16,1,0.9999999999999929,1,496.1599999999965,Discount Email / Push Notification
16,22,8989.08,0,0.0034786782947488575,0,31.27011748576106,No Action
725,1,228.34,1,1.0,1,228.34,Discount Email / Push Notification
60,3,924.21,0,0.07074645320575657,0,65.38457951729228,No Action
70,6,875.1500000000001,0,0.1383531193883955,0,121.07973243275434,No Action
15,13,7857.1,0,0.002959989395063751,0,23.256932675955397,No Action
541,1,134.44,1,0.9999999999999705,1,134.43999999999602,Discount Email / Push Notification
277,1,315.6,1,0.9999967432905992,1,315.59897218251314,Discount Email / Push Notification
49,2,1212.84,0,0.033219354337167314,0,40.28976171429,No Action
627,1,381.0,1,1.0,1,381.0,Discount Email / Push Notification
579,1,175.25,1,0.999999999999998,1,175.24999999999966,Discount Email / Push Notification
562,1,426.24,1,0.9999999999999931,1,426.23999999999705,Discount Email / Push Notification
39,4,1636.0800000000002,0,0.01699821960693637,0,27.810447134516462,No Action
8,10,4507.58,0,0.0019433721141033154,0,8.759905274089823,No Action
394,3,437.87,1,0.9999999991320669,1,437.86999961995815,Discount Email / Push Notification
9,11,5286.8,0,0.002060015105627018,0,10.89088786042892,No Action
5,11,4073.24,0,0.001621511700094928,0,6.604806317294664,No Action
236,2,630.4300000000001,1,0.999942476906159,1,630.3937357159499,Discount Email / Push Notification
655,1,205.36,1,1.0,1,205.36,Discount Email / Push Notification
21,5,2145.34,0,0.004856682794134405,0,10.419235865568305,No Action
468,4,515.0,1,0.9999999999952194,1,514.999999997538,Discount Email / Push Notification
15,23,14115.41,0,0.002772083279305274,0,39.129092041538456,No Action
540,1,236.2,1,0.9999999999999682,1,236.19999999999249,Discount Email / Push Notification
429,3,1392.43,1,0.9999999999230191,1,1392.4299998928095,Discount Email / Push Notification
36,16,8308.34,0,0.013142043296261337,0,109.18856400005993,No Action
7,41,9056.81,0,0.0024311730972095867,0,22.018672818538757,No Action
34,2,563.37,0,0.012116337052636218,0,6.825980805343666,No Action
421,3,2020.4,1,0.9999999998622164,1,2020.3999997216222,Discount Email / Push Notification
191,2,842.04,1,0.9986418253115412,1,840.8963625853302,Discount Email / Push Notification
39,2,519.61,0,0.017142812117533417,0,8.90757660439154,No Action
25,3,948.05,0,0.006491972446614177,0,6.15471447801257,No Action
27,4,1991.01,0,0.00731133667822234,0,14.556944439707461,No Action
32,6,1750.18,0,0.010735605105392322,0,18.789241343355535,No Action
71,8,3605.21,0,0.13923235702739878,0,501.9618858787484,No Action
122,2,804.02,1,0.8535186436845057,1,686.2460598952163,Discount Email / Push Notification
585,1,160.5,1,0.9999999999999987,1,160.49999999999977,Discount Email / Push Notification
9,4,4014.1,0,0.0019436207942713736,0,7.80188823028472,No Action
97,17,14761.52,1,0.4395807916215294,0,6488.880647137039,No Action
24,3,665.86,0,0.006112211064440461,0,4.069876859368326,No Action
23,21,4481.75,0,0.006497339370359634,0,29.11945072310929,No Action
34,6,1915.68,0,0.012264718849170086,0,23.49527660497815,No Action
281,4,1232.79,1,0.9999975704792057,1,1232.78700491106,Discount Email / Push Notification
4,3,2134.01,0,0.0014377476701673045,0,3.0681679056137297,No Action
28,15,14646.8,0,0.006018204688867281,0,88.14744043690129,No Action
31,2,383.03,0,0.009899214513210564,0,3.791696134995042,No Action
9,2,780.59,0,0.0021044718800195448,0,1.6427297048244565,No Action
46,5,1553.83,0,0.02793900668835761,0,43.4124667625707,No Action
25,3,795.48,0,0.006525084389324953,0,5.190574130020214,No Action
73,2,417.73,0,0.1596277560465725,0,66.68130253333473,No Action
312,4,1189.45,1,0.9999997241310984,1,1189.449671867735,Discount Email / Push Notification
11,18,6598.55,0,0.0025080199909857316,0,16.5492953115189,No Action
377,4,819.61,1,0.9999999971452715,1,819.609997660236,Discount Email / Push Notification
27,5,2502.84,0,0.007291395777513717,0,18.249197007792432,No Action
35,5,1875.31,0,0.012975532369640125,0,24.333145608109824,No Action
94,2,567.05,1,0.451836236507813,0,256.21373791175535,No Action
74,2,1030.0410000000002,0,0.16639149702801959,0,171.39006399023836,No Action
119,3,521.03,1,0.8286374338252758,1,431.74496214598344,Discount Email / Push Notification
266,2,1308.48,1,0.9999928217547368,1,1308.470607409638,Discount Email / Push Notification
40,19,3523.57,0,0.021158939535570593,0,74.55500457935048,No Action
119,5,2192.51,1,0.8247339129103902,1,1808.2373513951597,Discount Email / Push Notification
97,2,498.79,1,0.5048575358181744,0,251.81789029074721,No Action
90,4,1301.63,0,0.38471579813929485,0,500.7576243320504,No Action
630,1,146.14,1,1.0,1,146.14,Discount Email / Push Notification
108,5,798.78,1,0.6951037623058253,0,555.2349832546471,No Action
22,4,450.82,0,0.005432258918215727,0,2.4489709655100143,No Action
30,13,3464.95,0,0.00975455331588726,0,33.79903951188356,No Action
610,1,209.4,1,0.9999999999999998,1,209.39999999999995,Discount Email / Push Notification
511,1,150.5,1,0.9999999999997582,1,150.49999999996362,Discount Email / Push Notification
301,3,635.1500000000001,1,0.9999994058134356,1,635.1496226024037,Discount Email / Push Notification
52,2,860.41,0,0.0411458406821138,0,35.40229278129753,No Action
0,24,10810.81,0,0.0010992713140475794,0,11.884013314618711,No Action
54,2,447.68,0,0.04767492977766811,0,21.34311256286646,No Action
623,1,200.63,1,1.0,1,200.63,Discount Email / Push Notification
58,10,3122.4,0,0.06366565349751974,0,198.78963648065562,No Action
9,17,5993.12,0,0.0021933698478526,0,13.145128702562372,No Action
259,1,628.28,1,0.9999883702385302,1,628.2726932534637,Discount Email / Push Notification
148,3,1348.95,1,0.9729335674852838,1,1312.4387358592737,Discount Email / Push Notification
48,5,880.64,0,0.0327188645884554,0,28.813540911177366,No Action
401,1,130.95,1,0.9999999994588213,1,130.94999992913264,Discount Email / Push Notification
14,4,710.74,0,0.0030800408560151026,0,2.189108238004174,No Action
359,3,1161.9,1,0.9999999896472024,1,1161.8999879710846,Discount Email / Push Notification
304,1,79.2,1,0.9999995136176051,1,79.19996147851433,Discount Email / Push Notification
373,4,410.95,1,0.9999999962723205,1,410.9499984681101,Discount Email / Push Notification
98,1,207.36,1,0.5212162162849375,0,108.07939460884465,No Action
18,1,186.01,0,0.0039705447861512,0,0.7385610356719847,No Action
242,2,620.27,1,0.9999622465328694,1,620.2465826569429,Discount Email / Push Notification
434,1,34.8,1,0.9999999999466866,1,34.79999999814469,Discount Email / Push Notification
4,6,1843.75,0,0.001515923361794297,0,2.794983698308235,No Action
9,3,499.98,0,0.0021551487612942667,0,1.0775312776719075,No Action
29,21,7108.45,0,0.009038184023515212,0,64.24747922195671,No Action
117,7,2071.68,1,0.8086719301088106,1,1675.3094641678206,Discount Email / Push Notification
